session_id,cluster,probability,pca_x,pca_y,original_length,used_length,sequence
e9c7751a-2f1c-4596-84d8-9791ac5fbe56,-1,0.0,0.72437489,0.11226301,79,80,[CLS] UNKNOWN|START_SESSION|NONE UNKNOWN|SCROLL_PAGE|NONE UNKNOWN|CHECK_SIZE|HOVER_SHORT UNKNOWN|TAB_OUT|NONE HOME|START_SESSION|NONE HOME|INACTIVE|NONE HOME|HOVER_ELEMENT|NONE HOME|INACTIVE|NONE HOME|TAB_OUT|NONE HOME|START_SESSION|NONE HOME|DISTRACTED_EPISODE|REPEAT HOME|HOVER_ELEMENT|NONE HOME|EXIT_BOUNCE|NONE HOME|START_SESSION|NONE HOME|DISTRACTED_EPISODE|REPEAT HOME|EXIT_BOUNCE|NONE HOME|TAB_OUT|NONE HOME|START_SESSION|NONE HOME|EXIT_BOUNCE|NONE HOME|START_SESSION|NONE HOME|EXIT_BOUNCE|NONE HOME|START_SESSION|NONE HOME|INACTIVE|NONE HOME|HOVER_ELEMENT|NONE HOME|EXIT_BOUNCE|NONE HOME|START_SESSION|NONE HOME|HOVER_ELEMENT|NONE HOME|EXIT_BOUNCE|NONE HOME|INACTIVE|NONE HOME|TAB_RETURN|NONE HOME|EXIT_BOUNCE|NONE HOME|START_SESSION|NONE HOME|INACTIVE|NONE HOME|HOVER_ELEMENT|NONE HOME|DISTRACTED_EPISODE|REPEAT HOME|HOVER_ELEMENT|NONE PRODUCT|VIEW_REVIEW|NONE PRODUCT|EXIT_SESSION|NONE MYPAGE|START_SESSION|NONE MYPAGE|HOVER_ELEMENT|NONE MYPAGE|SCROLL_PAGE|NONE MYPAGE|CHECK_PRICE|DWELL_SHORT MYPAGE|SCROLL_PAGE|NONE MYPAGE|HOVER_ELEMENT|NONE MYPAGE|VIEW_REVIEW|NONE MYPAGE|VIEW_REVIEW|DWELL_SHORT MYPAGE|REVIEW_EXPLORATION_EPISODE|STRONG MYPAGE|VIEW_REVIEW|NONE MYPAGE|EXIT_SESSION|NONE CATEGORY|START_SESSION|NONE CATEGORY|CLICK_ELEMENT|NONE CATEGORY|VIEW_PRODUCT|NONE CATEGORY|EXIT_SESSION|NONE CATEGORY|START_SESSION|NONE CATEGORY|EXIT_BOUNCE|NONE PRODUCT|START_SESSION|NONE PRODUCT|INACTIVE|NONE PRODUCT|TAB_OUT|NONE PRODUCT|START_SESSION|NONE PRODUCT|HOVER_ELEMENT|NONE PRODUCT|EXIT_BOUNCE|NONE PRODUCT|TAB_OUT|NONE PRODUCT|START_SESSION|NONE PRODUCT|EXIT_BOUNCE|NONE PRODUCT|START_SESSION|NONE PRODUCT|EXIT_BOUNCE|NONE PRODUCT|START_SESSION|NONE PRODUCT|EXIT_BOUNCE|NONE PRODUCT|TAB_OUT|NONE PRODUCT|START_SESSION|NONE PRODUCT|EXIT_BOUNCE|NONE PRODUCT|DISTRACTED_EPISODE|REPEAT PRODUCT|HOVER_ELEMENT|NONE PRODUCT|VIEW_REVIEW|NONE PRODUCT|VIEW_REVIEW|DWELL_SHORT PRODUCT|REVIEW_EXPLORATION_EPISODE|STRONG PRODUCT|TAB_OUT|NONE PRODUCT|INACTIVE|NONE PRODUCT|EXIT_BOUNCE|NONE
0a92815d-7b91-49d4-b448-98a987d5db3f,2,0.595281,0.71885175,0.17718706,38,39,[CLS] HOME|START_SESSION|NONE HOME|HOVER_ELEMENT|NONE HOME|DISTRACTED_EPISODE|REPEAT HOME|SCROLL_HOME|NONE PRODUCT|ZOOM_IMAGE|NONE HOME|SCROLL_HOME|NONE PRODUCT|VIEW_PRODUCT|REVISIT_ONCE PRODUCT|HOVER_ELEMENT|NONE PRODUCT|ZOOM_IMAGE|NONE PRODUCT|CLICK_ELEMENT|NONE PRODUCT|HOVER_ELEMENT|NONE PRODUCT|VIEW_PRODUCT|REVISIT_ONCE PRODUCT|SCROLL_PRODUCT|SCROLL_LOW HOME|SCROLL_HOME|NONE PRODUCT|SCROLL_PRODUCT|SCROLL_MID HOME|SCROLL_HOME|NONE HOME|HOVER_ELEMENT|NONE PRODUCT|VIEW_REVIEW|NONE PRODUCT|VIEW_REVIEW|DWELL_SHORT PRODUCT|REVIEW_EXPLORATION_EPISODE|STRONG PRODUCT|VIEW_REVIEW|NONE PRODUCT|EXIT_SESSION|NONE PRODUCT|START_SESSION|NONE PRODUCT|EXIT_BOUNCE|NONE CATEGORY|START_SESSION|NONE CATEGORY|SCROLL_PRODUCT|SCROLL_LOW CATEGORY|VIEW_PRODUCT|REVISIT_ONCE CATEGORY|ZOOM_IMAGE|NONE CATEGORY|CLICK_ELEMENT|NONE CATEGORY|VIEW_PRODUCT|NONE CATEGORY|EXIT_SESSION|NONE PRODUCT|ADD_CART|NONE PRODUCT|EXIT_SESSION|NONE CART|START_SESSION|NONE CART|HOVER_ELEMENT|NONE CART|TAB_OUT|NONE CART|INACTIVE|NONE CART|EXIT_BOUNCE|NONE
66dad524-0c36-4d4d-af9f-5da6b125ceec,6,0.712581,-0.23623891,0.168396,4,5,[CLS] PRODUCT|START_SESSION|NONE PRODUCT|CHECK_PRICE|DWELL_SHORT PRODUCT|VIEW_PRODUCT|REVISIT_ONCE PRODUCT|SCROLL_PRODUCT|SCROLL_LOW
6ebd67f3-006b-449d-a8de-dbb4549e6525,5,0.767482,-0.341777,-0.16404158,4,5,[CLS] PRODUCT|START_SESSION|NONE PRODUCT|VIEW_PRODUCT|REVISIT_ONCE PRODUCT|CHECK_PRICE|DWELL_SHORT PRODUCT|SCROLL_PRODUCT|SCROLLED
050f49c7-8158-47fc-a34d-24155185ce33,6,0.712581,-0.23623882,0.168396,4,5,[CLS] PRODUCT|START_SESSION|NONE PRODUCT|CHECK_PRICE|DWELL_SHORT PRODUCT|VIEW_PRODUCT|REVISIT_ONCE PRODUCT|SCROLL_PRODUCT|SCROLL_LOW
0ab3b5cc-9954-4380-b8f3-3d71d96beb2d,5,0.617017,-0.33053604,-0.15527482,4,5,[CLS] PRODUCT|START_SESSION|NONE PRODUCT|VIEW_PRODUCT|REVISIT_ONCE PRODUCT|CHECK_PRICE|DWELL_SHORT PRODUCT|SCROLL_PRODUCT|SCROLL_LOW
94762301-beec-4961-9e2b-e1506977c6bd,-1,0.0,-0.30439806,0.17925891,5,6,[CLS] PRODUCT|START_SESSION|NONE PRODUCT|VIEW_REVIEW|DWELL_MEDIUM PRODUCT|VIEW_REVIEW|REVISIT_ONCE PRODUCT|REVIEW_EXPLORATION_EPISODE|STRONG PRODUCT|CHECK_PRICE|DWELL_SHORT
825856d2-5749-4087-81b7-d3b52a9502aa,-1,0.0,-0.11283779,0.4255079,3,4,[CLS] PRODUCT|START_SESSION|NONE PRODUCT|INACTIVE|NONE PRODUCT|VIEW_REVIEW|REVISIT_ONCE
ff0dd82d-e113-4986-a7fe-b4e287e45f76,-1,0.0,-0.16993877,-0.45486724,4,5,[CLS] HOME|START_SESSION|NONE PRODUCT|VIEW_PRODUCT|REVISIT_ONCE HOME|INACTIVE|NONE PRODUCT|VIEW_PRODUCT|REVISIT_ONCE
94d82f06-964d-4dc4-a481-ddcae71ef89a,-1,0.0,-0.16993885,-0.45486712,4,5,[CLS] HOME|START_SESSION|NONE PRODUCT|VIEW_PRODUCT|REVISIT_ONCE HOME|INACTIVE|NONE PRODUCT|VIEW_PRODUCT|REVISIT_ONCE
916e5b00-57bb-4f38-a473-942a120fa8e3,5,0.617017,-0.33053583,-0.15527485,4,5,[CLS] PRODUCT|START_SESSION|NONE PRODUCT|VIEW_PRODUCT|REVISIT_ONCE PRODUCT|CHECK_PRICE|DWELL_SHORT PRODUCT|SCROLL_PRODUCT|SCROLL_LOW
333c69e7-2236-4944-9fd0-805963d09f08,2,0.940909,0.72683346,-0.40345126,45,46,[CLS] CATEGORY|START_SESSION|NONE CATEGORY|START_INPUT|NONE CATEGORY|VIEW_REVIEW|NONE CATEGORY|EDIT_INPUT|NONE CATEGORY|EXIT_SESSION|NONE CATEGORY|CHECK_SIZE|NONE CATEGORY|START_SESSION|NONE CATEGORY|EXIT_BOUNCE|NONE CATEGORY|START_SESSION|NONE CATEGORY|SCROLL_CATEGORY|NONE CATEGORY|VIEW_PRODUCT|REVISIT_ONCE CATEGORY|SCROLL_PRODUCT|SCROLL_LOW CATEGORY|VIEW_PRODUCT|REVISIT_ONCE CATEGORY|SCROLL_PRODUCT|SCROLL_LOW CATEGORY|VIEW_PRODUCT|REVISIT_ONCE CATEGORY|SCROLL_PRODUCT|SCROLL_LOW CATEGORY|SCROLL_CATEGORY|NONE CATEGORY|CLICK_ELEMENT|NONE CATEGORY|VIEW_PRODUCT|NONE CATEGORY|EXIT_SESSION|NONE PRODUCT|START_SESSION|NONE PRODUCT|SCROLL_PRODUCT|SCROLL_LOW PRODUCT|CHECK_PRICE|SCROLL_LOW PRODUCT|VIEW_PRODUCT|REVISIT_ONCE PRODUCT|SCROLL_PRODUCT|SCROLL_LOW PRODUCT|CHECK_PRICE|DWELL_SHORT PRODUCT|PRICE_REVIEW_EPISODE|STRONG PRODUCT|CHECK_SIZE|SCROLL_LOW PRODUCT|VIEW_PRODUCT|REVISIT_ONCE PRODUCT|EXIT_SESSION|NONE CATEGORY|START_SESSION|NONE CATEGORY|SCROLL_CATEGORY|NONE CATEGORY|VIEW_PRODUCT|REVISIT_ONCE CATEGORY|SCROLL_PRODUCT|SCROLL_LOW CATEGORY|VIEW_PRODUCT|REVISIT_ONCE CATEGORY|SCROLL_PRODUCT|SCROLL_LOW CATEGORY|SCROLL_CATEGORY|NONE CATEGORY|EXIT_SESSION|NONE CATEGORY|START_SESSION|NONE CATEGORY|VIEW_PRODUCT|REVISIT_ONCE CATEGORY|SCROLL_PRODUCT|SCROLL_LOW CATEGORY|VIEW_PRODUCT|REVISIT_ONCE CATEGORY|SCROLL_PRODUCT|SCROLL_LOW CATEGORY|SCROLL_CATEGORY|NONE CATEGORY|EXIT_SESSION|NONE
021e2e02-ed6c-497f-8912-365567dd831b,5,0.617017,-0.33053586,-0.15527467,4,5,[CLS] PRODUCT|START_SESSION|NONE PRODUCT|VIEW_PRODUCT|REVISIT_ONCE PRODUCT|CHECK_PRICE|DWELL_SHORT PRODUCT|SCROLL_PRODUCT|SCROLL_LOW
728403e8-efbb-4e08-b0e1-99e3e10b3c0d,2,1.0,0.84799039,-0.35813701,60,61,[CLS] PRODUCT|START_SESSION|NONE PRODUCT|VIEW_PRODUCT|REVISIT_ONCE PRODUCT|SCROLL_PRODUCT|SCROLL_LOW PRODUCT|VIEW_REVIEW|REVISIT_ONCE PRODUCT|CLICK_ELEMENT|NONE PRODUCT|VIEW_REVIEW|NONE PRODUCT|REVIEW_EXPLORATION_EPISODE|STRONG PRODUCT|VIEW_REVIEW|DWELL_SHORT PRODUCT|VIEW_REVIEW|NONE PRODUCT|EXIT_SESSION|NONE CATEGORY|START_SESSION|NONE CATEGORY|CLICK_ELEMENT|NONE CATEGORY|SCROLL_PRODUCT|SCROLL_LOW CATEGORY|VIEW_PRODUCT|REVISIT_ONCE CATEGORY|SCROLL_PRODUCT|SCROLL_LOW CATEGORY|ZOOM_IMAGE|NONE CATEGORY|SCROLL_CATEGORY|NONE CATEGORY|HOVER_ELEMENT|NONE CATEGORY|VIEW_PRODUCT|REVISIT_ONCE CATEGORY|SCROLL_PRODUCT|SCROLL_LOW CATEGORY|VIEW_PRODUCT|REVISIT_ONCE CATEGORY|SCROLL_PRODUCT|SCROLL_MID CATEGORY|VIEW_PRODUCT|REVISIT_ONCE CATEGORY|ZOOM_IMAGE|NONE CATEGORY|SCROLL_PRODUCT|SCROLL_MID CATEGORY|VIEW_PRODUCT|REVISIT_ONCE CATEGORY|SCROLL_PRODUCT|SCROLL_MID CATEGORY|VIEW_PRODUCT|REVISIT_ONCE CATEGORY|SCROLL_PRODUCT|SCROLL_MID CATEGORY|VIEW_PRODUCT|REVISIT_ONCE CATEGORY|SCROLL_PRODUCT|SCROLL_MID CATEGORY|START_SESSION|NONE CATEGORY|HOVER_ELEMENT|NONE CATEGORY|EXIT_BOUNCE|NONE CATEGORY|START_SESSION|NONE CATEGORY|SCROLL_PRODUCT|SCROLL_LOW CATEGORY|VIEW_PRODUCT|REVISIT_ONCE CATEGORY|ZOOM_IMAGE|NONE CATEGORY|SCROLL_CATEGORY|NONE CATEGORY|VIEW_PRODUCT|REVISIT_ONCE CATEGORY|SCROLL_PRODUCT|SCROLL_LOW CATEGORY|ZOOM_IMAGE|NONE CATEGORY|SCROLL_PRODUCT|SCROLL_MID CATEGORY|VIEW_PRODUCT|REVISIT_ONCE CATEGORY|SCROLL_PRODUCT|SCROLL_MID CATEGORY|VIEW_PRODUCT|REVISIT_ONCE CATEGORY|SCROLL_PRODUCT|SCROLL_MID CATEGORY|HOVER_ELEMENT|NONE CATEGORY|VIEW_PRODUCT|REVISIT_ONCE CATEGORY|HOVER_ELEMENT|NONE CATEGORY|VIEW_PRODUCT|REVISIT_ONCE CATEGORY|SCROLL_PRODUCT|SCROLL_MID CATEGORY|ZOOM_IMAGE|NONE CATEGORY|HOVER_ELEMENT|NONE CATEGORY|SCROLL_PRODUCT|SCROLL_MID CATEGORY|VIEW_PRODUCT|REVISIT_ONCE CATEGORY|SCROLL_PRODUCT|SCROLL_MID CATEGORY|HOVER_ELEMENT|NONE CATEGORY|SCROLL_CATEGORY|NONE CATEGORY|EXIT_BOUNCE|NONE
4d73ad4d-da3f-4911-ab46-2d6893083026,5,0.500941,-0.30965686,0.02100037,5,6,[CLS] PRODUCT|START_SESSION|NONE PRODUCT|VIEW_PRODUCT|REVISIT_ONCE PRODUCT|CHECK_PRICE|DWELL_SHORT PRODUCT|SCROLL_PRODUCT|SCROLLED PRODUCT|SCROLL_REVIEW|SCROLL_HIGH
f22a8e03-f672-42e7-817b-4b1532d70533,5,1.0,-0.33905372,-0.09575789,5,6,[CLS] PRODUCT|START_SESSION|NONE PRODUCT|VIEW_PRODUCT|REVISIT_ONCE PRODUCT|CHECK_PRICE|DWELL_SHORT PRODUCT|VIEW_PRODUCT|REVISIT_ONCE PRODUCT|SCROLL_PRODUCT|SCROLLED
92a67fe9-effd-421d-8402-48ad9d9506c6,6,1.0,-0.2364112,0.1115477,4,5,[CLS] PRODUCT|START_SESSION|NONE PRODUCT|SCROLL_PRODUCT|SCROLLED PRODUCT|CHECK_PRICE|DWELL_SHORT PRODUCT|VIEW_PRODUCT|REVISIT_ONCE
739afa32-c3e3-41a7-bdbf-c12905e94b61,5,0.617017,-0.33053598,-0.15527451,4,5,[CLS] PRODUCT|START_SESSION|NONE PRODUCT|VIEW_PRODUCT|REVISIT_ONCE PRODUCT|CHECK_PRICE|DWELL_SHORT PRODUCT|SCROLL_PRODUCT|SCROLL_LOW
68de0b8f-fed5-4c10-9b99-6a35cae2545d,5,0.930572,-0.36287895,-0.12210209,5,6,[CLS] PRODUCT|START_SESSION|NONE PRODUCT|VIEW_PRODUCT|REVISIT_ONCE PRODUCT|SCROLL_PRODUCT|SCROLL_HIGH PRODUCT|CHECK_PRICE|DWELL_SHORT PRODUCT|VIEW_PRODUCT|REVISIT_ONCE
a8739897-f8a9-4a02-a8b0-63d9f7aa873f,-1,0.0,-0.03441202,0.54518938,3,4,[CLS] PRODUCT|START_SESSION|NONE PRODUCT|SCROLL_PRODUCT|SCROLLED PRODUCT|CHECK_PRICE|DWELL_SHORT
f4c751a1-7716-4bc3-aab1-6628261ea2bd,5,0.617017,-0.33053595,-0.15527463,4,5,[CLS] PRODUCT|START_SESSION|NONE PRODUCT|VIEW_PRODUCT|REVISIT_ONCE PRODUCT|CHECK_PRICE|DWELL_SHORT PRODUCT|SCROLL_PRODUCT|SCROLL_LOW
ece464f5-fb38-4cd7-b946-8acb56423867,6,1.0,-0.19402254,0.20865202,4,5,[CLS] PRODUCT|START_SESSION|NONE PRODUCT|CHECK_PRICE|DWELL_SHORT PRODUCT|VIEW_PRODUCT|REVISIT_ONCE PRODUCT|SCROLL_PRODUCT|SCROLLED
4b7825a8-178d-4273-ba3b-4e7f41afdc3b,1,1.0,-0.38488337,-0.52940547,7,8,[CLS] PRODUCT|START_SESSION|NONE PRODUCT|CHECK_PRICE|SCROLL_LOW PRODUCT|CHECK_PRICE|SCROLL_MID PRODUCT|PRICE_REVIEW_EPISODE|STRONG PRODUCT|CHECK_PRICE|SCROLL_HIGH PRODUCT|VIEW_PRODUCT|REVISIT_ONCE PRODUCT|CHECK_PRICE|DWELL_SHORT
2d16d453-bbb9-4bc8-ae57-d5bf42461077,0,1.0,0.66735977,-0.39470536,3,4,[CLS] CATEGORY|START_SESSION|NONE CATEGORY|SCROLL_CATEGORY|NONE CATEGORY|VIEW_PRODUCT|REVISIT_ONCE
72fbda5c-a54f-49dd-83f4-16ccda2d3888,-1,0.0,-0.32294339,-0.13586254,3,4,[CLS] PRODUCT|START_SESSION|NONE PRODUCT|VIEW_PRODUCT|REVISIT_ONCE PRODUCT|CHECK_PRICE|DWELL_SHORT
321fca31-0112-434a-8f87-3c576a64d8bc,-1,0.0,-0.034412,0.54518938,3,4,[CLS] PRODUCT|START_SESSION|NONE PRODUCT|SCROLL_PRODUCT|SCROLLED PRODUCT|CHECK_PRICE|DWELL_SHORT
b456844d-63ac-4022-b4b2-d683cbcb31a4,5,1.0,-0.33905378,-0.09575781,5,6,[CLS] PRODUCT|START_SESSION|NONE PRODUCT|VIEW_PRODUCT|REVISIT_ONCE PRODUCT|CHECK_PRICE|DWELL_SHORT PRODUCT|VIEW_PRODUCT|REVISIT_ONCE PRODUCT|SCROLL_PRODUCT|SCROLLED
3e7375a8-78a8-4982-8025-29ebd8357c3a,6,0.712581,-0.23623887,0.168396,4,5,[CLS] PRODUCT|START_SESSION|NONE PRODUCT|CHECK_PRICE|DWELL_SHORT PRODUCT|VIEW_PRODUCT|REVISIT_ONCE PRODUCT|SCROLL_PRODUCT|SCROLL_LOW
cd161778-627c-4ea9-a1b4-ae8f1f69270e,6,1.0,-0.19402258,0.20865202,4,5,[CLS] PRODUCT|START_SESSION|NONE PRODUCT|CHECK_PRICE|DWELL_SHORT PRODUCT|VIEW_PRODUCT|REVISIT_ONCE PRODUCT|SCROLL_PRODUCT|SCROLLED
607fb8e7-cf78-498e-b6de-8d71e708d6dc,6,0.712581,-0.23623888,0.168396,4,5,[CLS] PRODUCT|START_SESSION|NONE PRODUCT|CHECK_PRICE|DWELL_SHORT PRODUCT|VIEW_PRODUCT|REVISIT_ONCE PRODUCT|SCROLL_PRODUCT|SCROLL_LOW
c99e4c67-9bbf-4dd2-b15d-44326566a513,5,0.767482,-0.34177721,-0.16404143,4,5,[CLS] PRODUCT|START_SESSION|NONE PRODUCT|VIEW_PRODUCT|REVISIT_ONCE PRODUCT|CHECK_PRICE|DWELL_SHORT PRODUCT|SCROLL_PRODUCT|SCROLLED
11ca3aed-5dd2-42c0-a033-9c4724ad9d4d,6,0.759688,-0.11904203,0.27226463,3,4,[CLS] PRODUCT|START_SESSION|NONE PRODUCT|SCROLL_PRODUCT|SCROLLED PRODUCT|VIEW_PRODUCT|REVISIT_ONCE
d544a2a2-2498-4a7c-a3e6-06b6c19dab93,-1,0.0,0.30640054,-0.34421682,4,5,[CLS] HOME|START_SESSION|NONE HOME|EXIT_BOUNCE|NONE HOME|START_SESSION|NONE HOME|EXIT_BOUNCE|NONE
34379632-358f-43a3-975f-2ce6e3f266f9,5,0.514009,-0.36642545,-0.31038755,4,5,[CLS] PRODUCT|START_SESSION|NONE PRODUCT|VIEW_PRODUCT|REVISIT_ONCE PRODUCT|CHECK_PRICE|DWELL_SHORT PRODUCT|VIEW_PRODUCT|REVISIT_ONCE
7317397f-96f0-4942-942c-d923ec08e5c9,-1,0.0,-0.17465925,-0.04679083,3,4,[CLS] PRODUCT|START_SESSION|NONE PRODUCT|VIEW_PRODUCT|REVISIT_ONCE PRODUCT|SCROLL_PRODUCT|SCROLLED
14e4aaa5-68de-453f-8ff6-bb2f92d6ccb5,3,1.0,0.17515029,0.51368356,61,62,[CLS] HOME|START_SESSION|NONE HOME|HOVER_ELEMENT|NONE HOME|SCROLL_HOME|NONE PRODUCT|VIEW_PRODUCT|REVISIT_ONCE PRODUCT|SCROLL_PRODUCT|SCROLL_LOW PRODUCT|HOVER_ELEMENT|NONE PRODUCT|ZOOM_IMAGE|NONE PRODUCT|CLICK_ELEMENT|NONE PRODUCT|HOVER_ELEMENT|NONE PRODUCT|SCROLL_PRODUCT|SCROLL_LOW HOME|SCROLL_HOME|NONE PRODUCT|SCROLL_PRODUCT|SCROLL_LOW PRODUCT|HOVER_ELEMENT|NONE PRODUCT|VIEW_PRODUCT|REVISIT_ONCE PRODUCT|SCROLL_PRODUCT|SCROLL_LOW HOME|HOVER_ELEMENT|NONE HOME|SCROLL_HOME|NONE PRODUCT|ZOOM_IMAGE|NONE PRODUCT|VIEW_PRODUCT|REVISIT_ONCE PRODUCT|HOVER_ELEMENT|NONE PRODUCT|SCROLL_PRODUCT|SCROLL_LOW PRODUCT|VIEW_PRODUCT|REVISIT_ONCE PRODUCT|SCROLL_PRODUCT|SCROLL_LOW PRODUCT|ZOOM_IMAGE|NONE PRODUCT|HOVER_ELEMENT|NONE PRODUCT|SCROLL_PRODUCT|SCROLL_LOW PRODUCT|HOVER_ELEMENT|NONE PRODUCT|ZOOM_IMAGE|NONE PRODUCT|SCROLL_PRODUCT|SCROLL_MID HOME|SCROLL_HOME|NONE HOME|HOVER_ELEMENT|NONE HOME|SCROLL_HOME|NONE PRODUCT|VIEW_PRODUCT|REVISIT_ONCE PRODUCT|SCROLL_PRODUCT|SCROLL_MID PRODUCT|HOVER_ELEMENT|NONE PRODUCT|SCROLL_PRODUCT|SCROLL_MID PRODUCT|HOVER_ELEMENT|NONE PRODUCT|VIEW_PRODUCT|REVISIT_ONCE PRODUCT|CHECK_SIZE|SCROLL_MID HOME|SCROLL_HOME|NONE PRODUCT|VIEW_PRODUCT|REVISIT_ONCE PRODUCT|SCROLL_PRODUCT|SCROLL_HIGH HOME|HOVER_ELEMENT|NONE HOME|SCROLL_HOME|NONE PRODUCT|ZOOM_IMAGE|NONE HOME|SCROLL_HOME|NONE HOME|HOVER_ELEMENT|NONE PRODUCT|ZOOM_IMAGE|NONE PRODUCT|VIEW_PRODUCT|REVISIT_ONCE HOME|SCROLL_HOME|NONE PRODUCT|VIEW_PRODUCT|REVISIT_ONCE PRODUCT|SCROLL_PRODUCT|SCROLL_HIGH PRODUCT|CHECK_SIZE|HOVER_SHORT PRODUCT|SIZE_CHECK_EPISODE|STRONG HOME|HOVER_ELEMENT|NONE PRODUCT|ZOOM_IMAGE|NONE HOME|HOVER_ELEMENT|NONE HOME|DISTRACTED_EPISODE|REPEAT HOME|HOVER_ELEMENT|NONE HOME|DISTRACTED_EPISODE|REPEAT HOME|EXIT_SESSION|NONE
20d795ab-f730-421c-945e-1de263fda3f3,5,0.767482,-0.34177721,-0.16404144,4,5,[CLS] PRODUCT|START_SESSION|NONE PRODUCT|VIEW_PRODUCT|REVISIT_ONCE PRODUCT|CHECK_PRICE|DWELL_SHORT PRODUCT|SCROLL_PRODUCT|SCROLLED
bcc7db2e-7b44-4632-b94e-81491647b40e,2,0.813744,0.5763815,-0.06966794,56,57,[CLS] HOME|START_SESSION|NONE PRODUCT|CLICK_ELEMENT|NONE PRODUCT|HOVER_ELEMENT|NONE PRODUCT|VIEW_REVIEW|NONE HOME|HOVER_ELEMENT|NONE PRODUCT|VIEW_REVIEW|NONE PRODUCT|REVIEW_EXPLORATION_EPISODE|STRONG PRODUCT|EXIT_SESSION|NONE CATEGORY|START_SESSION|NONE CATEGORY|CLICK_ELEMENT|NONE CATEGORY|VIEW_PRODUCT|NONE CATEGORY|EXIT_SESSION|NONE PRODUCT|START_SESSION|NONE PRODUCT|VIEW_REVIEW|NONE PRODUCT|HOVER_ELEMENT|NONE PRODUCT|VIEW_REVIEW|NONE PRODUCT|REVIEW_EXPLORATION_EPISODE|STRONG PRODUCT|EXIT_SESSION|NONE CATEGORY|START_SESSION|NONE CATEGORY|SCROLL_CATEGORY|NONE CATEGORY|VIEW_PRODUCT|REVISIT_ONCE CATEGORY|SCROLL_PRODUCT|SCROLL_LOW CATEGORY|CLICK_ELEMENT|NONE CATEGORY|VIEW_PRODUCT|NONE CATEGORY|EXIT_SESSION|NONE PRODUCT|START_SESSION|NONE PRODUCT|VIEW_PRODUCT|REVISIT_ONCE PRODUCT|SCROLL_PRODUCT|SCROLL_LOW PRODUCT|CHECK_PRICE|SCROLL_LOW PRODUCT|CHECK_SIZE|SCROLL_LOW PRODUCT|CHECK_SIZE|SCROLL_MID PRODUCT|SIZE_CHECK_EPISODE|STRONG PRODUCT|CHECK_SIZE|SCROLL_LOW PRODUCT|VIEW_PRODUCT|REVISIT_ONCE PRODUCT|SCROLL_PRODUCT|SCROLL_LOW PRODUCT|CHECK_PRICE|DWELL_SHORT PRODUCT|PRICE_REVIEW_EPISODE|STRONG PRODUCT|VIEW_PRODUCT|REVISIT_ONCE PRODUCT|SCROLL_PRODUCT|SCROLL_LOW PRODUCT|CHECK_PRICE|DWELL_SHORT PRODUCT|CHECK_SIZE|SCROLL_MID PRODUCT|CHECK_SIZE|SCROLL_HIGH PRODUCT|SCROLL_PRODUCT|SCROLL_HIGH PRODUCT|EXIT_SESSION|NONE CATEGORY|START_SESSION|NONE CATEGORY|VIEW_PRODUCT|REVISIT_ONCE CATEGORY|SCROLL_CATEGORY|NONE CATEGORY|VIEW_PRODUCT|REVISIT_ONCE CATEGORY|SCROLL_PRODUCT|SCROLL_LOW CATEGORY|VIEW_PRODUCT|REVISIT_ONCE CATEGORY|SCROLL_PRODUCT|SCROLL_LOW CATEGORY|SCROLL_CATEGORY|NONE CATEGORY|EXIT_SESSION|NONE PRODUCT|START_SESSION|NONE PRODUCT|VIEW_PRODUCT|REVISIT_ONCE PRODUCT|EXIT_BOUNCE|NONE
4f3b7886-8a0e-4482-8a6a-f961601bb109,5,0.767482,-0.34177721,-0.16404143,4,5,[CLS] PRODUCT|START_SESSION|NONE PRODUCT|VIEW_PRODUCT|REVISIT_ONCE PRODUCT|CHECK_PRICE|DWELL_SHORT PRODUCT|SCROLL_PRODUCT|SCROLLED
8ba48c77-3432-427e-b109-ed055714f54e,6,0.712581,-0.23623885,0.16839601,4,5,[CLS] PRODUCT|START_SESSION|NONE PRODUCT|CHECK_PRICE|DWELL_SHORT PRODUCT|VIEW_PRODUCT|REVISIT_ONCE PRODUCT|SCROLL_PRODUCT|SCROLL_LOW
94b9f5ba-353d-4b8c-8111-1ac98b2a7fbf,1,1.0,-0.46038881,-0.52364045,6,7,[CLS] PRODUCT|START_SESSION|NONE PRODUCT|CHECK_PRICE|SCROLL_LOW PRODUCT|CHECK_PRICE|SCROLL_MID PRODUCT|PRICE_REVIEW_EPISODE|STRONG PRODUCT|CHECK_PRICE|SCROLL_HIGH PRODUCT|VIEW_PRODUCT|REVISIT_ONCE
b89d27f5-69f8-4b84-9d3a-fc0d85f690e2,4,0.884743,-0.15067083,0.52436334,5,6,[CLS] PRODUCT|START_SESSION|NONE PRODUCT|VIEW_REVIEW|REVISIT_ONCE PRODUCT|VIEW_REVIEW|DWELL_MEDIUM PRODUCT|REVIEW_EXPLORATION_EPISODE|STRONG PRODUCT|CHECK_PRICE|DWELL_SHORT
08fac712-ebad-412a-ac4a-18a925b07656,2,1.0,0.74420136,-0.27228743,74,75,[CLS] HOME|START_SESSION|NONE PRODUCT|CLICK_ELEMENT|NONE PRODUCT|HOVER_ELEMENT|NONE PRODUCT|VIEW_REVIEW|NONE PRODUCT|START_SESSION|NONE PRODUCT|CHECK_PRICE|DWELL_SHORT PRODUCT|SCROLL_PRODUCT|SCROLL_LOW PRODUCT|VIEW_PRODUCT|REVISIT_ONCE PRODUCT|SCROLL_PRODUCT|SCROLL_LOW PRODUCT|CHECK_PRICE|SCROLL_LOW PRODUCT|PRICE_REVIEW_EPISODE|STRONG PRODUCT|VIEW_PRODUCT|REVISIT_ONCE PRODUCT|CHECK_PRICE|DWELL_SHORT PRODUCT|SCROLL_PRODUCT|SCROLL_LOW PRODUCT|VIEW_REVIEW|NONE PRODUCT|HOVER_ELEMENT|NONE PRODUCT|VIEW_REVIEW|NONE PRODUCT|REVIEW_EXPLORATION_EPISODE|STRONG PRODUCT|EXIT_SESSION|NONE CATEGORY|START_SESSION|NONE CATEGORY|VIEW_PRODUCT|REVISIT_ONCE CATEGORY|SCROLL_PRODUCT|SCROLL_LOW CATEGORY|VIEW_PRODUCT|REVISIT_ONCE CATEGORY|SCROLL_PRODUCT|SCROLL_LOW CATEGORY|VIEW_PRODUCT|REVISIT_ONCE CATEGORY|SCROLL_PRODUCT|SCROLL_LOW CATEGORY|VIEW_PRODUCT|REVISIT_ONCE CATEGORY|SCROLL_PRODUCT|SCROLL_LOW CATEGORY|VIEW_PRODUCT|REVISIT_ONCE CATEGORY|SCROLL_PRODUCT|SCROLL_MID CATEGORY|VIEW_PRODUCT|REVISIT_ONCE CATEGORY|SCROLL_PRODUCT|SCROLL_MID CATEGORY|VIEW_PRODUCT|REVISIT_ONCE CATEGORY|SCROLL_CATEGORY|NONE CATEGORY|VIEW_PRODUCT|REVISIT_ONCE CATEGORY|SCROLL_CATEGORY|NONE CATEGORY|VIEW_PRODUCT|REVISIT_ONCE CATEGORY|SCROLL_CATEGORY|NONE CATEGORY|VIEW_PRODUCT|REVISIT_ONCE CATEGORY|SCROLL_CATEGORY|NONE CATEGORY|VIEW_PRODUCT|REVISIT_ONCE CATEGORY|SCROLL_CATEGORY|NONE CATEGORY|VIEW_PRODUCT|REVISIT_ONCE CATEGORY|SCROLL_PRODUCT|SCROLL_HIGH CATEGORY|SCROLL_CATEGORY|NONE CATEGORY|START_SESSION|NONE CATEGORY|VIEW_PRODUCT|REVISIT_ONCE CATEGORY|SCROLL_PRODUCT|SCROLL_LOW CATEGORY|VIEW_PRODUCT|REVISIT_ONCE CATEGORY|SCROLL_PRODUCT|SCROLL_LOW CATEGORY|VIEW_PRODUCT|REVISIT_ONCE CATEGORY|SCROLL_PRODUCT|SCROLL_LOW CATEGORY|VIEW_PRODUCT|REVISIT_ONCE CATEGORY|SCROLL_PRODUCT|SCROLL_LOW CATEGORY|SCROLL_CATEGORY|NONE CATEGORY|VIEW_PRODUCT|REVISIT_ONCE CATEGORY|SCROLL_PRODUCT|SCROLL_LOW CATEGORY|VIEW_PRODUCT|REVISIT_ONCE CATEGORY|SCROLL_PRODUCT|SCROLL_MID CATEGORY|VIEW_PRODUCT|REVISIT_ONCE CATEGORY|SCROLL_PRODUCT|SCROLL_MID CATEGORY|SCROLL_CATEGORY|NONE CATEGORY|VIEW_PRODUCT|REVISIT_ONCE CATEGORY|SCROLL_CATEGORY|NONE CATEGORY|VIEW_PRODUCT|REVISIT_ONCE CATEGORY|CLICK_ELEMENT|NONE CATEGORY|VIEW_PRODUCT|NONE CATEGORY|EXIT_SESSION|NONE PRODUCT|START_SESSION|NONE PRODUCT|VIEW_PRODUCT|REVISIT_ONCE PRODUCT|DISTRACTED_EPISODE|REPEAT PRODUCT|EXIT_BOUNCE|NONE PRODUCT|START_SESSION|NONE PRODUCT|EXIT_BOUNCE|NONE
843e72e7-9f2e-4db7-904b-e5c29a59daad,5,0.532417,-0.33983609,-0.20089994,4,5,[CLS] PRODUCT|VIEW_PRODUCT|REVISIT_ONCE PRODUCT|SCROLL_PRODUCT|SCROLLED PRODUCT|CHECK_PRICE|DWELL_SHORT PRODUCT|VIEW_PRODUCT|REVISIT_ONCE
88b91028-0189-43ef-93fe-d310b8e0c882,6,1.0,-0.19561878,0.13887663,4,5,[CLS] PRODUCT|START_SESSION|NONE PRODUCT|SCROLL_PRODUCT|SCROLLED PRODUCT|VIEW_PRODUCT|REVISIT_ONCE PRODUCT|CHECK_PRICE|DWELL_SHORT
d577074d-3b91-4f19-b565-d8c7f9d49a26,-1,0.0,-0.13718398,0.28153297,3,4,[CLS] PRODUCT|START_SESSION|NONE PRODUCT|VIEW_REVIEW|REVISIT_ONCE PRODUCT|VIEW_PRODUCT|REVISIT_ONCE
8b7985be-a2a2-42ae-ae2b-dd627214773a,1,0.529349,-0.29731709,-0.36712408,11,12,[CLS] PRODUCT|START_SESSION|NONE PRODUCT|CHECK_PRICE|SCROLL_LOW PRODUCT|CHECK_PRICE|SCROLL_MID PRODUCT|PRICE_REVIEW_EPISODE|STRONG PRODUCT|CHECK_PRICE|SCROLL_HIGH PRODUCT|CHECK_PRICE|DWELL_SHORT PRODUCT|VIEW_PRODUCT|REVISIT_ONCE PRODUCT|SCROLL_PRODUCT|SCROLL_MID PRODUCT|VIEW_PRODUCT|REVISIT_ONCE PRODUCT|VIEW_REVIEW|REVISIT_ONCE PRODUCT|EXIT_BOUNCE|NONE
efdc8e81-be11-472a-a2c7-08b77d010882,2,0.913407,0.94024271,-0.32746014,44,45,[CLS] HOME|START_SESSION|NONE HOME|HOVER_ELEMENT|NONE HOME|START_SESSION|NONE HOME|CLICK_ELEMENT|NONE HOME|EXIT_BOUNCE|NONE HOME|START_SESSION|NONE HOME|CLICK_ELEMENT|NONE HOME|EXIT_BOUNCE|NONE HOME|START_SESSION|NONE HOME|HOVER_ELEMENT|NONE CATEGORY|START_SESSION|NONE CATEGORY|INACTIVE|NONE CATEGORY|TAB_RETURN|NONE CATEGORY|HOVER_ELEMENT|NONE CATEGORY|SCROLL_CATEGORY|NONE CATEGORY|VIEW_PRODUCT|REVISIT_ONCE CATEGORY|SCROLL_PRODUCT|SCROLL_LOW CATEGORY|HOVER_ELEMENT|NONE CATEGORY|VIEW_PRODUCT|REVISIT_ONCE CATEGORY|SCROLL_PRODUCT|SCROLL_LOW CATEGORY|HOVER_ELEMENT|NONE CATEGORY|VIEW_PRODUCT|REVISIT_ONCE CATEGORY|HOVER_ELEMENT|NONE CATEGORY|SCROLL_CATEGORY|NONE CATEGORY|VIEW_PRODUCT|REVISIT_ONCE CATEGORY|SCROLL_PRODUCT|SCROLL_MID CATEGORY|ZOOM_IMAGE|NONE CATEGORY|SCROLL_PRODUCT|SCROLL_MID CATEGORY|VIEW_PRODUCT|REVISIT_ONCE CATEGORY|SCROLL_PRODUCT|SCROLL_MID CATEGORY|VIEW_PRODUCT|REVISIT_ONCE CATEGORY|SCROLL_PRODUCT|SCROLL_MID CATEGORY|HOVER_ELEMENT|NONE CATEGORY|ZOOM_IMAGE|NONE CATEGORY|SCROLL_PRODUCT|SCROLL_MID CATEGORY|VIEW_PRODUCT|REVISIT_ONCE CATEGORY|HOVER_ELEMENT|NONE CATEGORY|SCROLL_PRODUCT|SCROLL_MID CATEGORY|VIEW_PRODUCT|REVISIT_ONCE CATEGORY|SCROLL_PRODUCT|SCROLL_MID CATEGORY|SCROLL_PRODUCT|SCROLL_HIGH CATEGORY|HOVER_ELEMENT|NONE CATEGORY|SCROLL_CATEGORY|NONE CATEGORY|EXIT_BOUNCE|NONE
fc93903b-b2c3-413e-ba23-2563b9f7d943,-1,0.0,-0.1239927,-0.52357274,3,4,[CLS] HOME|START_SESSION|NONE PRODUCT|VIEW_PRODUCT|REVISIT_ONCE HOME|EXIT_BOUNCE|NONE
b6607ccc-b0ae-460f-8489-8c2c97fdf14b,5,1.0,-0.33905378,-0.09575783,5,6,[CLS] PRODUCT|START_SESSION|NONE PRODUCT|VIEW_PRODUCT|REVISIT_ONCE PRODUCT|CHECK_PRICE|DWELL_SHORT PRODUCT|VIEW_PRODUCT|REVISIT_ONCE PRODUCT|SCROLL_PRODUCT|SCROLLED
63a7ad99-9c88-4529-8c3c-023b459446b4,5,0.767482,-0.34177721,-0.16404146,4,5,[CLS] PRODUCT|START_SESSION|NONE PRODUCT|VIEW_PRODUCT|REVISIT_ONCE PRODUCT|CHECK_PRICE|DWELL_SHORT PRODUCT|SCROLL_PRODUCT|SCROLLED
4c1f01c9-873c-4a75-a5c1-9103168cdfec,6,1.0,-0.19402258,0.20865203,4,5,[CLS] PRODUCT|START_SESSION|NONE PRODUCT|CHECK_PRICE|DWELL_SHORT PRODUCT|VIEW_PRODUCT|REVISIT_ONCE PRODUCT|SCROLL_PRODUCT|SCROLLED
0fced9f5-f45a-4275-9013-2b7ed9d31066,-1,0.0,0.21872452,0.56997508,94,95,[CLS] CATEGORY|START_SESSION|NONE CATEGORY|HOVER_ELEMENT|NONE CATEGORY|SCROLL_CATEGORY|NONE CATEGORY|VIEW_PRODUCT|REVISIT_ONCE CATEGORY|SCROLL_PRODUCT|SCROLL_LOW CATEGORY|VIEW_PRODUCT|REVISIT_ONCE CATEGORY|SCROLL_PRODUCT|SCROLL_LOW CATEGORY|HOVER_ELEMENT|NONE CATEGORY|ADD_CART|NONE CATEGORY|CLICK_ELEMENT|NONE CATEGORY|VIEW_PRODUCT|NONE CATEGORY|EXIT_SESSION|NONE CATEGORY|START_SESSION|NONE CATEGORY|EXIT_BOUNCE|NONE PRODUCT|START_SESSION|NONE PRODUCT|VIEW_REVIEW|REVISIT_ONCE PRODUCT|SCROLL_PRODUCT|SCROLL_LOW PRODUCT|CHECK_PRICE|DWELL_SHORT PRODUCT|SCROLL_PRODUCT|SCROLL_LOW PRODUCT|VIEW_PRODUCT|REVISIT_ONCE PRODUCT|SCROLL_PRODUCT|SCROLL_LOW PRODUCT|CHECK_SHIPPING|DWELL_SHORT PRODUCT|SCROLL_PRODUCT|SCROLL_LOW PRODUCT|SCROLL_PRODUCT|SCROLL_MID PRODUCT|ZOOM_IMAGE|NONE PRODUCT|SCROLL_PRODUCT|SCROLL_MID PRODUCT|HOVER_ELEMENT|NONE PRODUCT|SCROLL_PRODUCT|SCROLL_MID PRODUCT|ZOOM_IMAGE|NONE PRODUCT|SCROLL_PRODUCT|SCROLL_MID PRODUCT|ZOOM_IMAGE|NONE PRODUCT|HOVER_ELEMENT|NONE PRODUCT|SCROLL_PRODUCT|SCROLL_MID PRODUCT|HOVER_ELEMENT|NONE PRODUCT|ZOOM_IMAGE|NONE PRODUCT|SCROLL_PRODUCT|SCROLL_HIGH PRODUCT|VIEW_REVIEW|REVISIT_ONCE PRODUCT|REVIEW_EXPLORATION_EPISODE|STRONG PRODUCT|SCROLL_REVIEW|SCROLL_HIGH PRODUCT|VIEW_REVIEW|REVISIT_ONCE PRODUCT|VIEW_REVIEW|DWELL_SHORT PRODUCT|HOVER_ELEMENT|NONE PRODUCT|SCROLL_PRODUCT|SCROLL_MID PRODUCT|SCROLL_REVIEW|SCROLL_MID PRODUCT|ZOOM_IMAGE|NONE PRODUCT|SCROLL_PRODUCT|SCROLL_MID PRODUCT|ZOOM_IMAGE|NONE PRODUCT|SCROLL_PRODUCT|SCROLL_MID PRODUCT|HOVER_ELEMENT|NONE PRODUCT|ZOOM_IMAGE|NONE PRODUCT|SCROLL_PRODUCT|SCROLL_HIGH PRODUCT|HOVER_ELEMENT|NONE PRODUCT|SCROLL_PRODUCT|SCROLL_HIGH PRODUCT|ZOOM_IMAGE|NONE PRODUCT|VIEW_REVIEW|REVISIT_ONCE PRODUCT|SCROLL_REVIEW|SCROLL_HIGH PRODUCT|VIEW_REVIEW|REVISIT_ONCE PRODUCT|CHECK_SHIPPING|NONE PRODUCT|SHIPPING_CHECK_EPISODE|STRONG PRODUCT|VIEW_REVIEW|DWELL_SHORT PRODUCT|VIEW_PRODUCT|REVISIT_ONCE PRODUCT|VIEW_SECTION|NONE PRODUCT|CHECK_SHIPPING|DWELL_SHORT PRODUCT|SCROLL_REVIEW|SCROLL_HIGH PRODUCT|ZOOM_IMAGE|NONE PRODUCT|VIEW_REVIEW|REVISIT_ONCE PRODUCT|CHECK_SHIPPING|DWELL_SHORT PRODUCT|VIEW_REVIEW|REVISIT_ONCE PRODUCT|CLICK_BUY|NONE PRODUCT|VIEW_SECTION|NONE PRODUCT|SCROLL_REVIEW|SCROLL_HIGH PRODUCT|VIEW_REVIEW|DWELL_SHORT PRODUCT|SCROLL_REVIEW|SCROLL_HIGH PRODUCT|ZOOM_IMAGE|NONE PRODUCT|VIEW_REVIEW|DWELL_SHORT PRODUCT|REVIEW_EXPLORATION_EPISODE|STRONG PRODUCT|HOVER_ELEMENT|NONE PRODUCT|ZOOM_IMAGE|NONE PRODUCT|SCROLL_PRODUCT|SCROLL_HIGH PRODUCT|HOVER_ELEMENT|NONE PRODUCT|SCROLL_PRODUCT|SCROLL_HIGH PRODUCT|SCROLL_PRODUCT|SCROLL_MID PRODUCT|HOVER_ELEMENT|NONE PRODUCT|SCROLL_PRODUCT|SCROLL_MID PRODUCT|SCROLL_PRODUCT|SCROLL_LOW PRODUCT|VIEW_REVIEW|REVISIT_ONCE PRODUCT|SCROLL_REVIEW|SCROLL_LOW PRODUCT|VIEW_PRODUCT|REVISIT_ONCE PRODUCT|CHECK_PRICE|DWELL_SHORT PRODUCT|CHECK_SHIPPING|DWELL_SHORT PRODUCT|ZOOM_IMAGE|NONE PRODUCT|TAB_OUT|NONE PRODUCT|INACTIVE|NONE PRODUCT|EXIT_BOUNCE|NONE
3c197ebd-c2dc-4f9b-9262-5e745e2b3451,-1,0.0,0.06167733,0.1809593,3,4,[CLS] PRODUCT|TAB_RETURN|NONE PRODUCT|START_SESSION|NONE PRODUCT|EXIT_BOUNCE|NONE
b25a3e96-ac93-4499-a38a-6acd087ec17d,0,1.0,0.58837104,-0.39471278,3,4,[CLS] CATEGORY|START_SESSION|NONE CATEGORY|VIEW_PRODUCT|REVISIT_ONCE CATEGORY|SCROLL_CATEGORY|NONE
a8e13c9f-2085-4098-ae5e-b58513edcce5,3,1.0,0.04505188,0.53500152,69,70,[CLS] HOME|START_SESSION|NONE PRODUCT|VIEW_PRODUCT|REVISIT_ONCE PRODUCT|HOVER_ELEMENT|NONE HOME|HOVER_ELEMENT|NONE HOME|SCROLL_HOME|NONE PRODUCT|VIEW_PRODUCT|REVISIT_ONCE PRODUCT|SCROLL_PRODUCT|SCROLL_LOW HOME|SCROLL_HOME|NONE PRODUCT|HOVER_ELEMENT|NONE PRODUCT|SCROLL_PRODUCT|SCROLL_LOW PRODUCT|SCROLL_PRODUCT|SCROLL_MID HOME|SCROLL_HOME|NONE PRODUCT|VIEW_PRODUCT|REVISIT_ONCE PRODUCT|SCROLL_PRODUCT|SCROLL_MID PRODUCT|VIEW_PRODUCT|REVISIT_ONCE PRODUCT|SCROLL_PRODUCT|SCROLL_MID PRODUCT|CHECK_SIZE|SCROLL_MID PRODUCT|VIEW_PRODUCT|REVISIT_ONCE PRODUCT|SCROLL_PRODUCT|SCROLL_HIGH PRODUCT|VIEW_PRODUCT|REVISIT_ONCE PRODUCT|SCROLL_PRODUCT|SCROLL_HIGH PRODUCT|HOVER_ELEMENT|NONE PRODUCT|SCROLL_PRODUCT|SCROLL_HIGH HOME|SCROLL_HOME|NONE HOME|HOVER_ELEMENT|NONE HOME|SCROLL_HOME|NONE HOME|HOVER_ELEMENT|NONE PRODUCT|VIEW_PRODUCT|REVISIT_ONCE PRODUCT|SCROLL_PRODUCT|SCROLL_HIGH PRODUCT|CHECK_SIZE|SCROLL_MID PRODUCT|SIZE_CHECK_EPISODE|STRONG HOME|SCROLL_HOME|NONE PRODUCT|VIEW_PRODUCT|REVISIT_ONCE PRODUCT|SCROLL_PRODUCT|SCROLL_MID PRODUCT|HOVER_ELEMENT|NONE PRODUCT|CHECK_SIZE|SCROLL_MID PRODUCT|VIEW_PRODUCT|REVISIT_ONCE PRODUCT|SCROLL_PRODUCT|SCROLL_HIGH HOME|SCROLL_HOME|NONE PRODUCT|VIEW_PRODUCT|REVISIT_ONCE PRODUCT|SCROLL_PRODUCT|SCROLL_HIGH PRODUCT|CHECK_SIZE|SCROLL_MID HOME|SCROLL_HOME|NONE HOME|HOVER_ELEMENT|NONE HOME|SCROLL_HOME|NONE PRODUCT|VIEW_PRODUCT|REVISIT_ONCE PRODUCT|SCROLL_PRODUCT|SCROLL_LOW PRODUCT|SCROLL_PRODUCT|SCROLL_MID HOME|SCROLL_HOME|NONE PRODUCT|VIEW_PRODUCT|REVISIT_ONCE PRODUCT|SCROLL_PRODUCT|SCROLL_MID PRODUCT|VIEW_PRODUCT|REVISIT_ONCE PRODUCT|SCROLL_PRODUCT|SCROLL_MID PRODUCT|CHECK_SIZE|SCROLL_MID PRODUCT|VIEW_PRODUCT|REVISIT_ONCE PRODUCT|SCROLL_PRODUCT|SCROLL_HIGH HOME|SCROLL_HOME|NONE HOME|HOVER_ELEMENT|NONE HOME|SCROLL_HOME|NONE HOME|HOVER_ELEMENT|NONE HOME|SCROLL_HOME|NONE HOME|HOVER_ELEMENT|NONE PRODUCT|VIEW_PRODUCT|REVISIT_ONCE HOME|HOVER_ELEMENT|NONE HOME|EXIT_BOUNCE|NONE HOME|START_SESSION|NONE HOME|EXIT_BOUNCE|NONE PRODUCT|START_SESSION|NONE PRODUCT|EXIT_BOUNCE|NONE
405b6feb-730c-4482-925d-7fb7af6d82a6,5,0.514009,-0.36642545,-0.31038749,4,5,[CLS] PRODUCT|START_SESSION|NONE PRODUCT|VIEW_PRODUCT|REVISIT_ONCE PRODUCT|CHECK_PRICE|DWELL_SHORT PRODUCT|VIEW_PRODUCT|REVISIT_ONCE
aa03f1fd-5d4e-404e-89e6-c719627ccda2,-1,0.0,-0.07787649,0.00986975,3,4,[CLS] PRODUCT|START_SESSION|NONE PRODUCT|VIEW_PRODUCT|REVISIT_ONCE PRODUCT|SCROLL_PRODUCT|SCROLL_LOW
896aa1ec-be2c-4c0f-b106-37391954b032,5,0.514009,-0.36642545,-0.31038749,4,5,[CLS] PRODUCT|START_SESSION|NONE PRODUCT|VIEW_PRODUCT|REVISIT_ONCE PRODUCT|CHECK_PRICE|DWELL_SHORT PRODUCT|VIEW_PRODUCT|REVISIT_ONCE
9091d1af-e63e-4707-97bf-b6dbe665f2ae,5,1.0,-0.33905378,-0.09575783,5,6,[CLS] PRODUCT|START_SESSION|NONE PRODUCT|VIEW_PRODUCT|REVISIT_ONCE PRODUCT|CHECK_PRICE|DWELL_SHORT PRODUCT|VIEW_PRODUCT|REVISIT_ONCE PRODUCT|SCROLL_PRODUCT|SCROLLED
a535a23a-a05f-4351-8a85-b43f9a7caab2,0,0.8586,0.65248245,-0.20160188,5,6,[CLS] CATEGORY|START_SESSION|NONE CATEGORY|SCROLL_CATEGORY|NONE CATEGORY|VIEW_PRODUCT|REVISIT_ONCE CATEGORY|SCROLL_CATEGORY|NONE CATEGORY|EXIT_BOUNCE|NONE
1242f632-e745-414d-a7b6-9f460717b177,6,1.0,-0.19402258,0.20865203,4,5,[CLS] PRODUCT|START_SESSION|NONE PRODUCT|CHECK_PRICE|DWELL_SHORT PRODUCT|VIEW_PRODUCT|REVISIT_ONCE PRODUCT|SCROLL_PRODUCT|SCROLLED
f2e6c9df-3b44-4af6-9a20-29417fc4fe33,5,1.0,-0.33905378,-0.09575783,5,6,[CLS] PRODUCT|START_SESSION|NONE PRODUCT|VIEW_PRODUCT|REVISIT_ONCE PRODUCT|CHECK_PRICE|DWELL_SHORT PRODUCT|VIEW_PRODUCT|REVISIT_ONCE PRODUCT|SCROLL_PRODUCT|SCROLLED
2d609b87-b665-4419-b2fd-5c5cbd5b095d,1,0.529349,-0.29506972,-0.4381786,11,12,[CLS] PRODUCT|START_SESSION|NONE PRODUCT|CHECK_PRICE|SCROLL_LOW PRODUCT|CHECK_PRICE|SCROLL_MID PRODUCT|PRICE_REVIEW_EPISODE|STRONG PRODUCT|CHECK_PRICE|SCROLL_HIGH PRODUCT|VIEW_PRODUCT|REVISIT_ONCE PRODUCT|CHECK_PRICE|DWELL_SHORT PRODUCT|SCROLL_PRODUCT|SCROLL_MID PRODUCT|VIEW_PRODUCT|REVISIT_ONCE PRODUCT|VIEW_REVIEW|REVISIT_ONCE PRODUCT|EXIT_BOUNCE|NONE
2c674614-c8b9-4fbd-b45c-2806fcc53fd5,-1,0.0,0.07437547,-0.58255208,3,4,[CLS] HOME|START_SESSION|NONE HOME|START_INPUT|NONE HOME|EXIT_BOUNCE|NONE
245f62e5-bf42-4174-ab27-be4b3e107398,1,1.0,-0.38488337,-0.52940547,7,8,[CLS] PRODUCT|START_SESSION|NONE PRODUCT|CHECK_PRICE|SCROLL_LOW PRODUCT|CHECK_PRICE|SCROLL_MID PRODUCT|PRICE_REVIEW_EPISODE|STRONG PRODUCT|CHECK_PRICE|SCROLL_HIGH PRODUCT|VIEW_PRODUCT|REVISIT_ONCE PRODUCT|CHECK_PRICE|DWELL_SHORT
6a2831ea-4b1e-4919-97eb-b4e4a91f90a8,2,0.59142,0.13405724,-0.12192958,57,58,[CLS] HOME|START_SESSION|NONE HOME|CLICK_ELEMENT|NONE PRODUCT|START_SESSION|NONE PRODUCT|VIEW_PRODUCT|REVISIT_ONCE PRODUCT|SCROLL_PRODUCT|SCROLL_LOW PRODUCT|CHECK_PRICE|SCROLL_LOW PRODUCT|VIEW_PRODUCT|REVISIT_ONCE PRODUCT|CHECK_PRICE|DWELL_SHORT PRODUCT|PRICE_REVIEW_EPISODE|STRONG PRODUCT|SCROLL_PRODUCT|SCROLL_LOW CATEGORY|START_SESSION|NONE CATEGORY|VIEW_PRODUCT|REVISIT_ONCE CATEGORY|SCROLL_PRODUCT|SCROLL_LOW CATEGORY|VIEW_PRODUCT|REVISIT_ONCE CATEGORY|SCROLL_PRODUCT|SCROLL_LOW CATEGORY|SCROLL_CATEGORY|NONE CATEGORY|VIEW_PRODUCT|REVISIT_ONCE CATEGORY|SCROLL_PRODUCT|SCROLL_LOW CATEGORY|CLICK_ELEMENT|NONE CATEGORY|VIEW_PRODUCT|NONE CATEGORY|EXIT_SESSION|NONE PRODUCT|START_SESSION|NONE PRODUCT|VIEW_PRODUCT|REVISIT_ONCE PRODUCT|SCROLL_PRODUCT|SCROLL_LOW PRODUCT|CHECK_PRICE|SCROLL_LOW PRODUCT|VIEW_PRODUCT|REVISIT_ONCE PRODUCT|SCROLL_PRODUCT|SCROLL_MID PRODUCT|SCROLL_PRODUCT|SCROLL_LOW PRODUCT|VIEW_PRODUCT|REVISIT_ONCE PRODUCT|SCROLL_PRODUCT|SCROLL_LOW PRODUCT|VIEW_PRODUCT|REVISIT_ONCE PRODUCT|CHECK_PRICE|DWELL_SHORT PRODUCT|PRICE_REVIEW_EPISODE|STRONG PRODUCT|SCROLL_PRODUCT|SCROLL_LOW PRODUCT|EXIT_BOUNCE|NONE CATEGORY|START_SESSION|NONE CATEGORY|SCROLL_CATEGORY|NONE CATEGORY|CLICK_ELEMENT|NONE CATEGORY|VIEW_PRODUCT|NONE CATEGORY|EXIT_SESSION|NONE PRODUCT|START_SESSION|NONE PRODUCT|CHECK_SIZE|NONE PRODUCT|CHECK_SIZE|HOVER_SHORT PRODUCT|SIZE_CHECK_EPISODE|STRONG PRODUCT|VIEW_PRODUCT|REVISIT_ONCE PRODUCT|SCROLL_PRODUCT|SCROLL_LOW PRODUCT|CHECK_PRICE|SCROLL_LOW PRODUCT|CHECK_PRICE|SCROLL_MID PRODUCT|PRICE_REVIEW_EPISODE|STRONG PRODUCT|CHECK_PRICE|SCROLL_LOW PRODUCT|CHECK_PRICE|DWELL_SHORT PRODUCT|SCROLL_PRODUCT|SCROLL_LOW PRODUCT|CHECK_SIZE|SCROLL_MID PRODUCT|CHECK_SIZE|SCROLL_HIGH PRODUCT|CHECK_SIZE|SCROLL_MID PRODUCT|CHECK_SIZE|SCROLL_HIGH PRODUCT|SCROLL_PRODUCT|SCROLLED
ae3d70c2-b6b5-4df5-981e-82fcca3b69f7,-1,0.0,-0.46006289,-0.36719131,4,5,[CLS] PRODUCT|START_SESSION|NONE PRODUCT|VIEW_REVIEW|DWELL_MEDIUM PRODUCT|CHECK_PRICE|DWELL_SHORT PRODUCT|VIEW_PRODUCT|REVISIT_ONCE
67c30e65-a037-4f8d-8d61-a627d8a07999,4,1.0,-0.0243457,0.61240911,5,6,[CLS] PRODUCT|START_SESSION|NONE PRODUCT|VIEW_REVIEW|REVISIT_ONCE PRODUCT|INACTIVE|NONE PRODUCT|VIEW_REVIEW|REVISIT_ONCE PRODUCT|REVIEW_EXPLORATION_EPISODE|STRONG
7664376e-3b15-450b-9e7d-92b20fcd4303,2,1.0,0.85664082,-0.18693623,38,39,[CLS] HOME|START_SESSION|NONE PRODUCT|CLICK_ELEMENT|NONE PRODUCT|HOVER_ELEMENT|NONE HOME|SCROLL_HOME|NONE PRODUCT|SCROLL_PRODUCT|SCROLL_LOW PRODUCT|VIEW_PRODUCT|REVISIT_ONCE PRODUCT|VIEW_REVIEW|NONE HOME|HOVER_ELEMENT|NONE PRODUCT|VIEW_REVIEW|NONE PRODUCT|REVIEW_EXPLORATION_EPISODE|STRONG PRODUCT|EXIT_SESSION|NONE CATEGORY|START_SESSION|NONE CATEGORY|VIEW_PRODUCT|REVISIT_ONCE CATEGORY|SCROLL_PRODUCT|SCROLL_LOW CATEGORY|SCROLL_CATEGORY|NONE CATEGORY|VIEW_PRODUCT|REVISIT_ONCE CATEGORY|SCROLL_PRODUCT|SCROLL_LOW CATEGORY|VIEW_PRODUCT|REVISIT_ONCE CATEGORY|SCROLL_PRODUCT|SCROLL_LOW CATEGORY|VIEW_PRODUCT|REVISIT_ONCE CATEGORY|SCROLL_PRODUCT|SCROLL_LOW CATEGORY|VIEW_PRODUCT|REVISIT_ONCE CATEGORY|SCROLL_PRODUCT|SCROLL_MID CATEGORY|VIEW_PRODUCT|REVISIT_ONCE CATEGORY|SCROLL_PRODUCT|SCROLL_MID CATEGORY|VIEW_PRODUCT|REVISIT_ONCE CATEGORY|SCROLL_PRODUCT|SCROLL_MID CATEGORY|SCROLL_CATEGORY|NONE CATEGORY|VIEW_PRODUCT|REVISIT_ONCE CATEGORY|SCROLL_PRODUCT|SCROLL_MID CATEGORY|VIEW_PRODUCT|REVISIT_ONCE CATEGORY|SCROLL_PRODUCT|SCROLL_MID CATEGORY|SCROLL_CATEGORY|NONE CATEGORY|VIEW_PRODUCT|REVISIT_ONCE CATEGORY|SCROLL_CATEGORY|NONE CATEGORY|VIEW_PRODUCT|REVISIT_ONCE CATEGORY|SCROLL_CATEGORY|NONE CATEGORY|TAB_OUT|NONE
4ecc4c79-1b31-4bf0-ae6d-8f5d73b36a04,-1,0.0,0.15847218,0.45676649,20,21,[CLS] HOME|START_SESSION|NONE HOME|HOVER_ELEMENT|NONE HOME|SCROLL_HOME|NONE PRODUCT|SCROLL_PRODUCT|SCROLL_LOW HOME|SCROLL_HOME|NONE PRODUCT|SCROLL_PRODUCT|SCROLL_LOW PRODUCT|SCROLL_PRODUCT|SCROLL_MID HOME|SCROLL_HOME|NONE PRODUCT|VIEW_PRODUCT|REVISIT_ONCE PRODUCT|SCROLL_PRODUCT|SCROLL_MID PRODUCT|CHECK_SIZE|SCROLL_MID HOME|SCROLL_HOME|NONE PRODUCT|VIEW_PRODUCT|REVISIT_ONCE PRODUCT|SCROLL_PRODUCT|SCROLL_HIGH HOME|SCROLL_HOME|NONE HOME|HOVER_ELEMENT|NONE PRODUCT|INACTIVE|NONE PRODUCT|HOVER_ELEMENT|NONE PRODUCT|DISTRACTED_EPISODE|REPEAT PRODUCT|EXIT_SESSION|NONE
f539d883-51b1-4042-bd2d-9bb93b46c381,3,0.885743,-0.12755148,0.29480502,76,77,[CLS] HOME|START_SESSION|NONE PRODUCT|VIEW_PRODUCT|REVISIT_ONCE PRODUCT|SCROLL_PRODUCT|SCROLL_LOW PRODUCT|VIEW_PRODUCT|REVISIT_ONCE PRODUCT|SCROLL_PRODUCT|SCROLL_LOW PRODUCT|VIEW_PRODUCT|REVISIT_ONCE HOME|SCROLL_HOME|NONE PRODUCT|VIEW_PRODUCT|REVISIT_ONCE PRODUCT|SCROLL_PRODUCT|SCROLL_MID PRODUCT|VIEW_PRODUCT|REVISIT_ONCE HOME|SCROLL_HOME|NONE PRODUCT|CLICK_ELEMENT|NONE PRODUCT|VIEW_PRODUCT|NONE PRODUCT|EXIT_SESSION|NONE PRODUCT|START_SESSION|NONE PRODUCT|CHECK_PRICE|DWELL_SHORT PRODUCT|VIEW_PRODUCT|REVISIT_ONCE PRODUCT|SCROLL_PRODUCT|SCROLL_LOW PRODUCT|CHECK_PRICE|SCROLL_LOW PRODUCT|PRICE_REVIEW_EPISODE|STRONG PRODUCT|CLICK_ELEMENT|NONE PRODUCT|CLICK_BUY|NONE PRODUCT|SCROLL_PRODUCT|SCROLL_LOW PRODUCT|CHECK_SIZE|SCROLL_MID PRODUCT|SCROLL_REVIEW|SCROLL_MID PRODUCT|VIEW_PRODUCT|REVISIT_ONCE PRODUCT|SCROLL_PRODUCT|SCROLL_MID PRODUCT|EXIT_SESSION|NONE HOME|START_SESSION|NONE PRODUCT|VIEW_PRODUCT|REVISIT_ONCE HOME|SCROLL_HOME|NONE PRODUCT|VIEW_PRODUCT|REVISIT_ONCE PRODUCT|SCROLL_PRODUCT|SCROLL_MID PRODUCT|VIEW_PRODUCT|REVISIT_ONCE PRODUCT|SCROLL_PRODUCT|SCROLL_MID PRODUCT|VIEW_PRODUCT|REVISIT_ONCE PRODUCT|SCROLL_PRODUCT|SCROLL_MID PRODUCT|VIEW_PRODUCT|REVISIT_ONCE PRODUCT|SCROLL_PRODUCT|SCROLL_MID PRODUCT|VIEW_PRODUCT|REVISIT_ONCE PRODUCT|SCROLL_PRODUCT|SCROLL_MID PRODUCT|CHECK_SIZE|SCROLL_MID PRODUCT|CLICK_ELEMENT|NONE HOME|ENTER_HOME|NONE PRODUCT|VIEW_PRODUCT|REVISIT_ONCE HOME|SCROLL_HOME|NONE PRODUCT|VIEW_PRODUCT|REVISIT_ONCE PRODUCT|SCROLL_PRODUCT|SCROLL_MID PRODUCT|VIEW_PRODUCT|REVISIT_ONCE PRODUCT|SCROLL_PRODUCT|SCROLL_MID PRODUCT|VIEW_PRODUCT|REVISIT_ONCE PRODUCT|SCROLL_PRODUCT|SCROLL_MID PRODUCT|CHECK_SIZE|SCROLL_MID PRODUCT|VIEW_PRODUCT|REVISIT_ONCE HOME|SCROLL_HOME|NONE PRODUCT|VIEW_PRODUCT|REVISIT_ONCE PRODUCT|SCROLL_PRODUCT|SCROLL_HIGH HOME|SCROLL_HOME|NONE PRODUCT|VIEW_PRODUCT|REVISIT_ONCE PRODUCT|SCROLL_PRODUCT|SCROLL_HIGH HOME|SCROLL_HOME|NONE PRODUCT|VIEW_PRODUCT|REVISIT_ONCE HOME|SCROLL_HOME|NONE PRODUCT|VIEW_PRODUCT|REVISIT_ONCE HOME|SCROLL_HOME|NONE PRODUCT|VIEW_PRODUCT|REVISIT_ONCE HOME|SCROLL_HOME|NONE PRODUCT|VIEW_PRODUCT|REVISIT_ONCE HOME|SCROLL_HOME|NONE PRODUCT|VIEW_PRODUCT|REVISIT_ONCE HOME|SCROLL_HOME|NONE PRODUCT|VIEW_PRODUCT|REVISIT_ONCE PRODUCT|SCROLL_PRODUCT|SCROLL_LOW HOME|SCROLL_HOME|NONE HOME|DISTRACTED_EPISODE|REPEAT HOME|EXIT_SESSION|NONE
00d50db7-534c-4d8b-a271-982f97e01406,3,1.0,0.22459777,0.55447286,79,80,[CLS] HOME|START_SESSION|NONE HOME|SCROLL_HOME|NONE PRODUCT|VIEW_PRODUCT|REVISIT_ONCE PRODUCT|SCROLL_PRODUCT|SCROLL_LOW PRODUCT|HOVER_ELEMENT|NONE PRODUCT|ZOOM_IMAGE|NONE PRODUCT|CLICK_ELEMENT|NONE PRODUCT|HOVER_ELEMENT|NONE PRODUCT|VIEW_REVIEW|NONE PRODUCT|EXIT_SESSION|NONE PRODUCT|START_SESSION|NONE HOME|SCROLL_HOME|NONE PRODUCT|VIEW_PRODUCT|REVISIT_ONCE PRODUCT|SCROLL_PRODUCT|SCROLL_LOW HOME|SCROLL_HOME|NONE HOME|HOVER_ELEMENT|NONE PRODUCT|SCROLL_PRODUCT|SCROLL_LOW PRODUCT|ZOOM_IMAGE|NONE PRODUCT|SCROLL_PRODUCT|SCROLL_LOW PRODUCT|HOVER_ELEMENT|NONE PRODUCT|SCROLL_PRODUCT|SCROLL_MID HOME|SCROLL_HOME|NONE HOME|HOVER_ELEMENT|NONE HOME|SCROLL_HOME|NONE PRODUCT|VIEW_PRODUCT|REVISIT_ONCE PRODUCT|SCROLL_PRODUCT|SCROLL_MID PRODUCT|HOVER_ELEMENT|NONE PRODUCT|VIEW_PRODUCT|REVISIT_ONCE PRODUCT|CHECK_SIZE|SCROLL_MID HOME|SCROLL_HOME|NONE PRODUCT|VIEW_PRODUCT|REVISIT_ONCE PRODUCT|SCROLL_PRODUCT|SCROLL_HIGH PRODUCT|ZOOM_IMAGE|NONE HOME|HOVER_ELEMENT|NONE HOME|SCROLL_HOME|NONE HOME|HOVER_ELEMENT|NONE PRODUCT|VIEW_PRODUCT|REVISIT_ONCE PRODUCT|SCROLL_PRODUCT|SCROLL_HIGH PRODUCT|ZOOM_IMAGE|NONE PRODUCT|INACTIVE|NONE PRODUCT|HOVER_ELEMENT|NONE PRODUCT|DISTRACTED_EPISODE|REPEAT PRODUCT|EXIT_BOUNCE|NONE PRODUCT|START_SESSION|NONE HOME|HOVER_ELEMENT|NONE HOME|EXIT_BOUNCE|NONE HOME|START_SESSION|NONE HOME|SCROLL_HOME|NONE HOME|INACTIVE|NONE HOME|EXIT_BOUNCE|NONE HOME|START_SESSION|NONE PRODUCT|CHECK_SIZE|SCROLL_MID PRODUCT|CHECK_SIZE|SCROLL_LOW PRODUCT|SIZE_CHECK_EPISODE|STRONG PRODUCT|CHECK_SIZE|SCROLL_MID PRODUCT|SCROLL_PRODUCT|SCROLL_HIGH PRODUCT|HOVER_ELEMENT|NONE PRODUCT|SCROLL_PRODUCT|SCROLL_HIGH PRODUCT|ZOOM_IMAGE|NONE HOME|SCROLL_HOME|NONE HOME|HOVER_ELEMENT|NONE PRODUCT|VIEW_PRODUCT|REVISIT_ONCE HOME|SCROLL_HOME|NONE PRODUCT|VIEW_PRODUCT|REVISIT_ONCE PRODUCT|SCROLL_PRODUCT|SCROLL_HIGH PRODUCT|CHECK_SIZE|SCROLL_HIGH HOME|HOVER_ELEMENT|NONE HOME|SCROLL_HOME|NONE PRODUCT|VIEW_PRODUCT|REVISIT_ONCE HOME|SCROLL_HOME|NONE PRODUCT|VIEW_PRODUCT|REVISIT_ONCE PRODUCT|SCROLL_PRODUCT|SCROLL_LOW HOME|SCROLL_HOME|NONE HOME|HOVER_ELEMENT|NONE PRODUCT|ZOOM_IMAGE|NONE HOME|TAB_OUT|NONE HOME|START_SESSION|NONE HOME|DISTRACTED_EPISODE|REPEAT HOME|EXIT_BOUNCE|NONE
4bf9a3cf-6b8d-4323-8295-5fd7819e8dd1,3,1.0,0.17800687,0.34959027,60,61,[CLS] HOME|START_SESSION|NONE PRODUCT|VIEW_REVIEW|NONE HOME|HOVER_ELEMENT|NONE PRODUCT|VIEW_REVIEW|NONE PRODUCT|REVIEW_EXPLORATION_EPISODE|STRONG PRODUCT|VIEW_REVIEW|DWELL_SHORT PRODUCT|CLICK_ELEMENT|NONE PRODUCT|SCROLL_PRODUCT|SCROLL_LOW PRODUCT|HOVER_ELEMENT|NONE PRODUCT|SCROLL_PRODUCT|SCROLL_LOW PRODUCT|VIEW_PRODUCT|REVISIT_ONCE HOME|SCROLL_HOME|NONE PRODUCT|VIEW_PRODUCT|REVISIT_ONCE PRODUCT|SCROLL_PRODUCT|SCROLL_MID PRODUCT|VIEW_PRODUCT|REVISIT_ONCE HOME|SCROLL_HOME|NONE PRODUCT|VIEW_PRODUCT|REVISIT_ONCE PRODUCT|SCROLL_PRODUCT|SCROLL_MID PRODUCT|CHECK_SIZE|SCROLL_MID PRODUCT|VIEW_PRODUCT|REVISIT_ONCE PRODUCT|SCROLL_PRODUCT|SCROLL_MID PRODUCT|VIEW_PRODUCT|REVISIT_ONCE PRODUCT|SCROLL_PRODUCT|SCROLL_HIGH HOME|SCROLL_HOME|NONE PRODUCT|VIEW_REVIEW|NONE HOME|INACTIVE|NONE PRODUCT|VIEW_PRODUCT|REVISIT_ONCE PRODUCT|HOVER_ELEMENT|NONE PRODUCT|VIEW_REVIEW|NONE PRODUCT|EXIT_SESSION|NONE PRODUCT|START_SESSION|NONE PRODUCT|VIEW_REVIEW|NONE HOME|INACTIVE|NONE HOME|EXIT_SESSION|NONE HOME|START_SESSION|NONE PRODUCT|VIEW_REVIEW|NONE HOME|HOVER_ELEMENT|NONE PRODUCT|VIEW_REVIEW|NONE PRODUCT|REVIEW_EXPLORATION_EPISODE|STRONG PRODUCT|SCROLL_REVIEW|SCROLL_LOW PRODUCT|SCROLL_REVIEW|SCROLL_MID PRODUCT|SCROLL_REVIEW|SCROLL_HIGH PRODUCT|VIEW_PRODUCT|REVISIT_ONCE PRODUCT|SCROLL_PRODUCT|SCROLL_HIGH PRODUCT|CHECK_SIZE|SCROLL_MID PRODUCT|VIEW_PRODUCT|REVISIT_ONCE PRODUCT|SCROLL_PRODUCT|SCROLL_MID PRODUCT|VIEW_PRODUCT|REVISIT_ONCE HOME|SCROLL_HOME|NONE PRODUCT|VIEW_PRODUCT|REVISIT_ONCE PRODUCT|SCROLL_PRODUCT|SCROLL_MID PRODUCT|VIEW_PRODUCT|REVISIT_ONCE HOME|SCROLL_HOME|NONE PRODUCT|VIEW_PRODUCT|REVISIT_ONCE PRODUCT|SCROLL_PRODUCT|SCROLL_LOW PRODUCT|VIEW_PRODUCT|REVISIT_ONCE PRODUCT|SCROLL_PRODUCT|SCROLL_LOW HOME|SCROLL_HOME|NONE HOME|DISTRACTED_EPISODE|REPEAT HOME|EXIT_SESSION|NONE
1d0fe13d-7069-44bb-bc19-6e0a6cf142f1,-1,0.0,0.21120109,0.03848801,5,6,[CLS] CATEGORY|START_SESSION|NONE [UNK] CATEGORY|HOVER_ELEMENT|NONE CATEGORY|DISTRACTED_EPISODE|REPEAT CATEGORY|EXIT_BOUNCE|NONE
bcf3462f-b926-4d54-a34d-598fd961208a,-1,0.0,-0.43886882,-0.07202692,5,6,[CLS] PRODUCT|START_SESSION|NONE PRODUCT|VIEW_REVIEW|DWELL_MEDIUM PRODUCT|CHECK_PRICE|DWELL_SHORT PRODUCT|VIEW_PRODUCT|REVISIT_ONCE PRODUCT|SCROLL_PRODUCT|SCROLLED
e716c970-c5ea-423c-a2f2-5d3b5f896dbc,2,0.639994,0.89785612,-0.07211118,22,23,[CLS] HOME|START_SESSION|NONE HOME|DISTRACTED_EPISODE|REPEAT PRODUCT|CLICK_ELEMENT|NONE PRODUCT|HOVER_ELEMENT|NONE PRODUCT|VIEW_REVIEW|NONE HOME|HOVER_ELEMENT|NONE PRODUCT|VIEW_REVIEW|NONE PRODUCT|REVIEW_EXPLORATION_EPISODE|STRONG PRODUCT|EXIT_SESSION|NONE CATEGORY|START_SESSION|NONE CATEGORY|SCROLL_CATEGORY|NONE CATEGORY|VIEW_PRODUCT|REVISIT_ONCE CATEGORY|SCROLL_PRODUCT|SCROLL_LOW CATEGORY|VIEW_PRODUCT|REVISIT_ONCE CATEGORY|SCROLL_PRODUCT|SCROLL_LOW CATEGORY|SCROLL_CATEGORY|NONE CATEGORY|VIEW_PRODUCT|REVISIT_ONCE CATEGORY|SCROLL_PRODUCT|SCROLL_MID CATEGORY|VIEW_PRODUCT|REVISIT_ONCE CATEGORY|SCROLL_PRODUCT|SCROLL_MID CATEGORY|SCROLL_PRODUCT|SCROLL_LOW CATEGORY|SCROLL_CATEGORY|NONE
7b527232-a13e-419e-b006-f31cbf4e536a,-1,0.0,-0.22935672,0.2660017,4,5,[CLS] HOME|START_SESSION|NONE PRODUCT|SCROLL_PRODUCT|SCROLL_LOW PRODUCT|SCROLL_PRODUCT|SCROLL_MID HOME|EXIT_SESSION|NONE
21fe9c88-fc81-4f5a-b141-a21ebbb282e7,0,1.0,0.66735965,-0.39470527,3,4,[CLS] CATEGORY|START_SESSION|NONE CATEGORY|SCROLL_CATEGORY|NONE CATEGORY|VIEW_PRODUCT|REVISIT_ONCE
902dcb8e-e047-4989-a00a-059a74d342b0,-1,0.0,0.18284798,-0.17093788,8,9,[CLS] HOME|START_SESSION|NONE PRODUCT|CLICK_ELEMENT|NONE PRODUCT|HOVER_ELEMENT|NONE PRODUCT|VIEW_PRODUCT|REVISIT_ONCE PRODUCT|SCROLL_PRODUCT|SCROLL_LOW PRODUCT|VIEW_PRODUCT|REVISIT_ONCE PRODUCT|TAB_OUT|NONE PRODUCT|EXIT_SESSION|NONE
28a9881b-0b6e-420a-b03f-b5872575c06c,6,1.0,-0.19402255,0.20865203,4,5,[CLS] PRODUCT|START_SESSION|NONE PRODUCT|CHECK_PRICE|DWELL_SHORT PRODUCT|VIEW_PRODUCT|REVISIT_ONCE PRODUCT|SCROLL_PRODUCT|SCROLLED
a3b611c5-6771-4e42-b925-8d6c8884f34d,1,1.0,-0.46038866,-0.52364045,6,7,[CLS] PRODUCT|START_SESSION|NONE PRODUCT|CHECK_PRICE|SCROLL_LOW PRODUCT|CHECK_PRICE|SCROLL_MID PRODUCT|PRICE_REVIEW_EPISODE|STRONG PRODUCT|CHECK_PRICE|SCROLL_HIGH PRODUCT|VIEW_PRODUCT|REVISIT_ONCE
5f335fcf-649c-49c4-9223-792d54da6e2e,0,1.0,0.58837104,-0.3947129,3,4,[CLS] CATEGORY|START_SESSION|NONE CATEGORY|VIEW_PRODUCT|REVISIT_ONCE CATEGORY|SCROLL_CATEGORY|NONE
297fbef7-c06c-4fb3-8852-c6eb69b9d227,5,1.0,-0.34544453,-0.13716802,5,6,[CLS] PRODUCT|START_SESSION|NONE PRODUCT|VIEW_PRODUCT|REVISIT_ONCE PRODUCT|SCROLL_PRODUCT|SCROLLED PRODUCT|CHECK_PRICE|DWELL_SHORT PRODUCT|VIEW_PRODUCT|REVISIT_ONCE
92ef76c1-9d2d-47f0-b014-828668295079,4,0.729694,-0.04289436,0.46460736,6,7,[CLS] PRODUCT|START_SESSION|NONE PRODUCT|VIEW_REVIEW|REVISIT_ONCE PRODUCT|VIEW_REVIEW|DWELL_MEDIUM PRODUCT|REVIEW_EXPLORATION_EPISODE|STRONG PRODUCT|SCROLL_PRODUCT|SCROLLED PRODUCT|CHECK_PRICE|DWELL_SHORT
01dc709a-7159-46f9-b7cc-cf8eb1eaeb6f,6,1.0,-0.2364112,0.11154771,4,5,[CLS] PRODUCT|START_SESSION|NONE PRODUCT|SCROLL_PRODUCT|SCROLLED PRODUCT|CHECK_PRICE|DWELL_SHORT PRODUCT|VIEW_PRODUCT|REVISIT_ONCE
df5f9724-1e19-4e8a-be2e-7b3831a6707e,-1,0.0,-0.26343039,0.07414187,72,73,[CLS] PRODUCT|START_SESSION|NONE PRODUCT|VIEW_PRODUCT|REVISIT_ONCE PRODUCT|SCROLL_PRODUCT|SCROLL_LOW PRODUCT|CHECK_PRICE|SCROLL_LOW PRODUCT|START_INPUT|NONE PRODUCT|CLICK_ELEMENT|NONE PRODUCT|EDIT_INPUT|NONE PRODUCT|CHECK_SIZE|NONE PRODUCT|CHECK_PRICE|DWELL_SHORT PRODUCT|PRICE_REVIEW_EPISODE|STRONG PRODUCT|CHECK_PRICE|SCROLL_LOW PRODUCT|SCROLL_PRODUCT|SCROLL_MID PRODUCT|EDIT_INPUT|NONE PRODUCT|CHECK_SHIPPING|DWELL_SHORT PRODUCT|CHECK_SHIPPING|NONE PRODUCT|SHIPPING_CHECK_EPISODE|STRONG PRODUCT|CHANGE_QUANTITY|NONE PRODUCT|ENTER_PRODUCT|NONE PRODUCT|CHECK_SHIPPING|NONE PRODUCT|CHANGE_QUANTITY|NONE PRODUCT|ENTER_PRODUCT|NONE PRODUCT|CHECK_SHIPPING|NONE PRODUCT|CHANGE_QUANTITY|NONE PRODUCT|ENTER_PRODUCT|NONE PRODUCT|CHECK_SHIPPING|NONE PRODUCT|CHANGE_QUANTITY|NONE PRODUCT|ENTER_PRODUCT|NONE PRODUCT|CHECK_SHIPPING|NONE PRODUCT|RAGE_CLICK|NONE PRODUCT|CHANGE_QUANTITY|NONE PRODUCT|ENTER_PRODUCT|NONE PRODUCT|CHECK_SHIPPING|NONE PRODUCT|CHANGE_QUANTITY|NONE PRODUCT|ENTER_PRODUCT|NONE PRODUCT|CHECK_SHIPPING|NONE PRODUCT|CHANGE_QUANTITY|NONE PRODUCT|ENTER_PRODUCT|NONE PRODUCT|CHECK_SHIPPING|NONE PRODUCT|CHANGE_QUANTITY|NONE PRODUCT|ENTER_PRODUCT|NONE PRODUCT|CHECK_SHIPPING|NONE PRODUCT|CHANGE_QUANTITY|NONE PRODUCT|ENTER_PRODUCT|NONE PRODUCT|SCROLL_PRODUCT|SCROLL_MID PRODUCT|VIEW_PRODUCT|REVISIT_ONCE PRODUCT|SCROLL_PRODUCT|SCROLL_MID PRODUCT|SCROLL_PRODUCT|SCROLL_LOW PRODUCT|VIEW_PRODUCT|REVISIT_ONCE PRODUCT|SCROLL_PRODUCT|SCROLL_LOW PRODUCT|CHECK_SIZE|HOVER_LONG PRODUCT|CLICK_BUY|NONE PRODUCT|ENTER_PRODUCT|NONE PRODUCT|EXIT_SESSION|NONE MEMBER|START_SESSION|NONE MEMBER|EXIT_BOUNCE|NONE PRODUCT|START_SESSION|NONE PRODUCT|CHECK_PRICE|SCROLL_LOW PRODUCT|START_SESSION|NONE PRODUCT|VIEW_PRODUCT|REVISIT_ONCE PRODUCT|SCROLL_PRODUCT|SCROLL_LOW PRODUCT|CHECK_PRICE|SCROLL_LOW PRODUCT|CHECK_SIZE|SCROLL_MID PRODUCT|CHECK_SIZE|SCROLL_LOW PRODUCT|SIZE_CHECK_EPISODE|STRONG PRODUCT|CHECK_SIZE|SCROLL_MID PRODUCT|TAB_OUT|NONE MEMBER|START_SESSION|NONE MEMBER|SCROLL_PAGE|NONE MEMBER|CHECK_SIZE|SCROLL_LOW MEMBER|TAB_OUT|NONE MEMBER|INACTIVE|NONE MEMBER|EXIT_SESSION|NONE
a64d1b69-26b6-46e0-993e-ea4a8b164025,2,1.0,0.83598483,-0.31704879,16,17,[CLS] CATEGORY|START_SESSION|NONE CATEGORY|SCROLL_CATEGORY|NONE CATEGORY|SCROLL_PRODUCT|SCROLL_LOW CATEGORY|VIEW_PRODUCT|REVISIT_ONCE CATEGORY|SCROLL_CATEGORY|NONE CATEGORY|HOVER_ELEMENT|NONE CATEGORY|SCROLL_CATEGORY|NONE CATEGORY|VIEW_PRODUCT|REVISIT_ONCE CATEGORY|HOVER_ELEMENT|NONE CATEGORY|SCROLL_PRODUCT|SCROLL_LOW CATEGORY|SCROLL_PRODUCT|SCROLL_MID CATEGORY|VIEW_PRODUCT|REVISIT_ONCE CATEGORY|SCROLL_PRODUCT|SCROLL_MID CATEGORY|VIEW_PRODUCT|REVISIT_ONCE CATEGORY|ZOOM_IMAGE|NONE CATEGORY|EXIT_BOUNCE|NONE
378fd48b-4647-471c-ab35-8e3494b3ae34,-1,0.0,-0.04030077,-0.27826613,7,8,[CLS] HOME|START_SESSION|NONE PRODUCT|VIEW_PRODUCT|REVISIT_ONCE PRODUCT|SCROLL_PRODUCT|SCROLL_LOW PRODUCT|VIEW_PRODUCT|REVISIT_ONCE PRODUCT|SCROLL_PRODUCT|SCROLL_LOW PRODUCT|VIEW_PRODUCT|REVISIT_ONCE HOME|EXIT_SESSION|NONE
78f2155b-df78-4c5a-8417-2a56ba2b6b6d,-1,0.0,-0.24496943,0.10688207,3,4,[CLS] PRODUCT|START_SESSION|NONE PRODUCT|CHECK_PRICE|DWELL_SHORT PRODUCT|VIEW_PRODUCT|REVISIT_ONCE
06c83443-b479-41ea-afb5-467224de1f40,-1,0.0,-0.46006292,-0.36719134,4,5,[CLS] PRODUCT|START_SESSION|NONE PRODUCT|VIEW_REVIEW|DWELL_MEDIUM PRODUCT|CHECK_PRICE|DWELL_SHORT PRODUCT|VIEW_PRODUCT|REVISIT_ONCE
a0f78cb7-01f4-451f-a880-7c9235115027,1,1.0,-0.46038866,-0.52364045,6,7,[CLS] PRODUCT|START_SESSION|NONE PRODUCT|CHECK_PRICE|SCROLL_LOW PRODUCT|CHECK_PRICE|SCROLL_MID PRODUCT|PRICE_REVIEW_EPISODE|STRONG PRODUCT|CHECK_PRICE|SCROLL_HIGH PRODUCT|VIEW_PRODUCT|REVISIT_ONCE
516c9b02-821f-4fab-a0d9-612a29269a16,1,1.0,-0.38488334,-0.52940542,7,8,[CLS] PRODUCT|START_SESSION|NONE PRODUCT|CHECK_PRICE|SCROLL_LOW PRODUCT|CHECK_PRICE|SCROLL_MID PRODUCT|PRICE_REVIEW_EPISODE|STRONG PRODUCT|CHECK_PRICE|SCROLL_HIGH PRODUCT|VIEW_PRODUCT|REVISIT_ONCE PRODUCT|CHECK_PRICE|DWELL_SHORT
142bf468-be43-46ba-8ac3-d40324a806ff,2,0.975869,0.88665479,-0.34652194,45,46,[CLS] CATEGORY|START_SESSION|NONE CATEGORY|EXIT_BOUNCE|NONE CATEGORY|START_SESSION|NONE CATEGORY|SCROLL_PRODUCT|SCROLL_LOW CATEGORY|VIEW_PRODUCT|REVISIT_ONCE CATEGORY|SCROLL_PRODUCT|SCROLL_LOW CATEGORY|HOVER_ELEMENT|NONE CATEGORY|ZOOM_IMAGE|NONE CATEGORY|HOVER_ELEMENT|NONE CATEGORY|SCROLL_PRODUCT|SCROLL_LOW CATEGORY|SCROLL_CATEGORY|NONE CATEGORY|HOVER_ELEMENT|NONE CATEGORY|SCROLL_CATEGORY|NONE CATEGORY|HOVER_ELEMENT|NONE CATEGORY|ZOOM_IMAGE|NONE CATEGORY|HOVER_ELEMENT|NONE CATEGORY|DISTRACTED_EPISODE|REPEAT CATEGORY|EXIT_BOUNCE|NONE CATEGORY|START_SESSION|NONE CATEGORY|HOVER_ELEMENT|NONE CATEGORY|DISTRACTED_EPISODE|REPEAT CATEGORY|EXIT_BOUNCE|NONE CATEGORY|START_SESSION|NONE CATEGORY|HOVER_ELEMENT|NONE CATEGORY|SCROLL_CATEGORY|NONE CATEGORY|VIEW_PRODUCT|REVISIT_ONCE CATEGORY|SCROLL_PRODUCT|SCROLL_MID CATEGORY|VIEW_PRODUCT|REVISIT_ONCE CATEGORY|SCROLL_PRODUCT|SCROLL_MID CATEGORY|HOVER_ELEMENT|NONE CATEGORY|ZOOM_IMAGE|NONE CATEGORY|VIEW_PRODUCT|REVISIT_ONCE CATEGORY|SCROLL_PRODUCT|SCROLL_MID CATEGORY|VIEW_PRODUCT|REVISIT_ONCE CATEGORY|SCROLL_PRODUCT|SCROLL_MID CATEGORY|HOVER_ELEMENT|NONE CATEGORY|ZOOM_IMAGE|NONE CATEGORY|SCROLL_CATEGORY|NONE CATEGORY|VIEW_PRODUCT|REVISIT_ONCE CATEGORY|SCROLL_PRODUCT|SCROLL_MID CATEGORY|VIEW_PRODUCT|REVISIT_ONCE CATEGORY|SCROLL_PRODUCT|SCROLL_MID CATEGORY|VIEW_PRODUCT|REVISIT_ONCE CATEGORY|HOVER_ELEMENT|NONE CATEGORY|DISTRACTED_EPISODE|REPEAT
f3b46d95-7faf-4ed1-b429-15b2461abb9c,-1,0.0,0.11191255,0.04584574,4,5,[CLS] HOME|START_SESSION|NONE HOME|TAB_OUT|NONE HOME|INACTIVE|NONE HOME|EXIT_BOUNCE|NONE
2b35146f-394b-46d4-85ba-05311e5a870f,-1,0.0,-0.12314779,0.24759813,6,7,[CLS] HOME|TAB_RETURN|NONE HOME|START_SESSION|NONE HOME|SCROLL_HOME|NONE PRODUCT|VIEW_PRODUCT|REVISIT_ONCE PRODUCT|SCROLL_PRODUCT|SCROLL_LOW HOME|SCROLL_HOME|NONE
f3ae36a2-1b5d-4a07-ac4f-3868683ca452,6,1.0,-0.2364112,0.11154771,4,5,[CLS] PRODUCT|START_SESSION|NONE PRODUCT|SCROLL_PRODUCT|SCROLLED PRODUCT|CHECK_PRICE|DWELL_SHORT PRODUCT|VIEW_PRODUCT|REVISIT_ONCE
33d872d8-a942-487e-a79f-abd9bf1b8713,3,1.0,0.31949797,0.45060948,89,90,[CLS] HOME|START_SESSION|NONE HOME|HOVER_ELEMENT|NONE HOME|SCROLL_HOME|NONE PRODUCT|VIEW_PRODUCT|REVISIT_ONCE PRODUCT|HOVER_ELEMENT|NONE PRODUCT|ZOOM_IMAGE|NONE PRODUCT|CLICK_ELEMENT|NONE PRODUCT|HOVER_ELEMENT|NONE PRODUCT|SCROLL_PRODUCT|SCROLL_LOW PRODUCT|ZOOM_IMAGE|NONE PRODUCT|SCROLL_PRODUCT|SCROLL_LOW PRODUCT|VIEW_PRODUCT|REVISIT_ONCE PRODUCT|HOVER_ELEMENT|NONE PRODUCT|SCROLL_PRODUCT|SCROLL_LOW PRODUCT|ZOOM_IMAGE|NONE HOME|SCROLL_HOME|NONE HOME|HOVER_ELEMENT|NONE HOME|SCROLL_HOME|NONE PRODUCT|SCROLL_PRODUCT|SCROLL_LOW PRODUCT|ZOOM_IMAGE|NONE PRODUCT|HOVER_ELEMENT|NONE PRODUCT|SCROLL_PRODUCT|SCROLL_MID PRODUCT|ZOOM_IMAGE|NONE HOME|SCROLL_HOME|NONE HOME|HOVER_ELEMENT|NONE HOME|SCROLL_HOME|NONE PRODUCT|ZOOM_IMAGE|NONE HOME|HOVER_ELEMENT|NONE HOME|SCROLL_HOME|NONE PRODUCT|VIEW_PRODUCT|REVISIT_ONCE PRODUCT|SCROLL_PRODUCT|SCROLL_MID PRODUCT|CHECK_SIZE|SCROLL_MID PRODUCT|VIEW_PRODUCT|REVISIT_ONCE PRODUCT|SCROLL_PRODUCT|SCROLL_HIGH HOME|SCROLL_HOME|NONE PRODUCT|VIEW_PRODUCT|REVISIT_ONCE PRODUCT|SCROLL_PRODUCT|SCROLL_HIGH HOME|SCROLL_HOME|NONE PRODUCT|VIEW_PRODUCT|REVISIT_ONCE PRODUCT|SCROLL_PRODUCT|SCROLL_HIGH PRODUCT|VIEW_PRODUCT|REVISIT_ONCE PRODUCT|SCROLL_PRODUCT|SCROLL_MID HOME|SCROLL_HOME|NONE PRODUCT|VIEW_PRODUCT|REVISIT_ONCE PRODUCT|SCROLL_PRODUCT|SCROLL_LOW PRODUCT|VIEW_PRODUCT|REVISIT_ONCE PRODUCT|SCROLL_PRODUCT|SCROLL_LOW HOME|SCROLL_HOME|NONE HOME|HOVER_ELEMENT|NONE PRODUCT|VIEW_REVIEW|NONE PRODUCT|VIEW_REVIEW|DWELL_SHORT PRODUCT|REVIEW_EXPLORATION_EPISODE|STRONG PRODUCT|VIEW_REVIEW|NONE PRODUCT|EXIT_SESSION|NONE PRODUCT|START_SESSION|NONE PRODUCT|VIEW_REVIEW|DWELL_SHORT PRODUCT|EXIT_BOUNCE|NONE CATEGORY|START_SESSION|NONE CATEGORY|SCROLL_PRODUCT|SCROLL_LOW [UNK] CATEGORY|HOVER_ELEMENT|NONE CATEGORY|SCROLL_PRODUCT|SCROLL_LOW CATEGORY|VIEW_PRODUCT|REVISIT_ONCE CATEGORY|ZOOM_IMAGE|NONE CATEGORY|HOVER_ELEMENT|NONE CATEGORY|CLICK_ELEMENT|NONE CATEGORY|ADD_CART|NONE CATEGORY|HOVER_ELEMENT|NONE CATEGORY|ZOOM_IMAGE|NONE CATEGORY|HOVER_ELEMENT|NONE CATEGORY|ADD_CART|NONE CATEGORY|CLICK_ELEMENT|NONE CATEGORY|VIEW_PRODUCT|NONE [UNK] CATEGORY|EXIT_SESSION|NONE CATEGORY|START_SESSION|NONE CATEGORY|HOVER_ELEMENT|NONE CATEGORY|VIEW_PRODUCT|REVISIT_ONCE [UNK] [UNK] [UNK] [UNK] CATEGORY|EXIT_SESSION|NONE MEMBER|START_SESSION|NONE MEMBER|CLICK_BUY|NONE MEMBER|EXIT_SESSION|NONE MEMBER|START_SESSION|NONE MEMBER|CHECK_SIZE|HOVER_SHORT MEMBER|EXIT_BOUNCE|NONE
69742de5-e757-4b6a-9629-8659f24bcc09,-1,0.0,0.01349738,-0.58704418,6,7,[CLS] HOME|START_SESSION|NONE HOME|TAB_RETURN|NONE PRODUCT|VIEW_PRODUCT|REVISIT_ONCE HOME|TAB_OUT|NONE HOME|START_INPUT|NONE HOME|EXIT_BOUNCE|NONE
803e0a6f-8ac7-405f-8d7d-d8e91d592ec1,4,1.0,-0.01240654,0.58448529,5,6,[CLS] PRODUCT|START_SESSION|NONE PRODUCT|VIEW_REVIEW|REVISIT_ONCE PRODUCT|VIEW_REVIEW|DWELL_MEDIUM PRODUCT|REVIEW_EXPLORATION_EPISODE|STRONG PRODUCT|SCROLL_PRODUCT|SCROLLED
7c84f370-bbfe-4db6-9963-2106f1ba31f7,4,0.695519,-0.21314545,0.43925571,5,6,[CLS] PRODUCT|START_SESSION|NONE PRODUCT|VIEW_REVIEW|REVISIT_ONCE PRODUCT|VIEW_REVIEW|DWELL_MEDIUM PRODUCT|REVIEW_EXPLORATION_EPISODE|STRONG PRODUCT|VIEW_PRODUCT|REVISIT_ONCE
1d808992-bd33-457b-b708-bbd49544686a,6,0.759688,-0.11904203,0.27226454,3,4,[CLS] PRODUCT|START_SESSION|NONE PRODUCT|SCROLL_PRODUCT|SCROLLED PRODUCT|VIEW_PRODUCT|REVISIT_ONCE
db0e21e3-d0eb-4276-9e39-2ad7d1866b04,0,1.0,0.66735965,-0.39470527,3,4,[CLS] CATEGORY|START_SESSION|NONE CATEGORY|SCROLL_CATEGORY|NONE CATEGORY|VIEW_PRODUCT|REVISIT_ONCE
c95970c1-2aeb-41af-a35f-df2a2f75aa50,-1,0.0,-0.25230896,-0.11645084,8,9,[CLS] PRODUCT|START_SESSION|NONE PRODUCT|VIEW_REVIEW|DWELL_MEDIUM PRODUCT|VIEW_REVIEW|REVISIT_ONCE PRODUCT|REVIEW_EXPLORATION_EPISODE|STRONG PRODUCT|VIEW_PRODUCT|REVISIT_ONCE PRODUCT|CHECK_PRICE|DWELL_SHORT PRODUCT|VIEW_PRODUCT|REVISIT_ONCE PRODUCT|SCROLL_PRODUCT|SCROLLED
c5add446-e0eb-4c38-adb4-78ccfc763c86,6,0.771379,-0.19286765,0.35321358,5,6,[CLS] PRODUCT|START_SESSION|NONE PRODUCT|CHECK_PRICE|DWELL_SHORT PRODUCT|VIEW_PRODUCT|REVISIT_ONCE PRODUCT|SCROLL_PRODUCT|SCROLLED PRODUCT|SCROLL_REVIEW|SCROLL_HIGH
a23d3080-d495-4610-b19d-02db1cf192b0,2,0.7324,0.50736368,-0.07504996,48,49,[CLS] HOME|START_SESSION|NONE HOME|EXIT_BOUNCE|NONE CATEGORY|START_SESSION|NONE CATEGORY|VIEW_PRODUCT|REVISIT_ONCE CATEGORY|SCROLL_PRODUCT|SCROLL_LOW CATEGORY|VIEW_PRODUCT|REVISIT_ONCE CATEGORY|SCROLL_PRODUCT|SCROLL_LOW CATEGORY|SCROLL_CATEGORY|NONE CATEGORY|VIEW_PRODUCT|REVISIT_ONCE CATEGORY|SCROLL_PRODUCT|SCROLL_LOW PRODUCT|START_SESSION|NONE PRODUCT|VIEW_PRODUCT|REVISIT_ONCE HOME|SCROLL_HOME|NONE PRODUCT|VIEW_PRODUCT|REVISIT_ONCE PRODUCT|CLICK_ELEMENT|NONE PRODUCT|EXIT_SESSION|NONE CATEGORY|START_SESSION|NONE CATEGORY|CLICK_ELEMENT|NONE CATEGORY|VIEW_PRODUCT|NONE CATEGORY|EXIT_SESSION|NONE PRODUCT|START_SESSION|NONE PRODUCT|VIEW_PRODUCT|REVISIT_ONCE PRODUCT|SCROLL_PRODUCT|SCROLL_LOW PRODUCT|CHECK_PRICE|SCROLL_LOW PRODUCT|CHECK_SIZE|SCROLL_LOW PRODUCT|CHECK_SIZE|SCROLL_MID PRODUCT|SIZE_CHECK_EPISODE|STRONG PRODUCT|START_INPUT|NONE PRODUCT|CLICK_ELEMENT|NONE PRODUCT|SCROLL_PRODUCT|SCROLL_MID PRODUCT|VIEW_PRODUCT|REVISIT_ONCE PRODUCT|SCROLL_PRODUCT|SCROLL_MID PRODUCT|CHECK_PRICE|DWELL_SHORT PRODUCT|PRICE_REVIEW_EPISODE|STRONG PRODUCT|SCROLL_PRODUCT|SCROLL_MID PRODUCT|VIEW_PRODUCT|REVISIT_ONCE PRODUCT|SCROLL_PRODUCT|SCROLL_MID PRODUCT|SCROLL_PRODUCT|SCROLL_HIGH PRODUCT|EXIT_SESSION|NONE CATEGORY|START_SESSION|NONE CATEGORY|SCROLL_CATEGORY|NONE CATEGORY|VIEW_PRODUCT|REVISIT_ONCE CATEGORY|SCROLL_PRODUCT|SCROLL_LOW CATEGORY|VIEW_PRODUCT|REVISIT_ONCE CATEGORY|SCROLL_PRODUCT|SCROLL_LOW CATEGORY|SCROLL_CATEGORY|NONE CATEGORY|TAB_OUT|NONE CATEGORY|EXIT_SESSION|NONE
fb7a460b-d354-4f7c-a569-b6abcdfd6d30,1,0.529349,-0.24916741,-0.53659552,12,13,[CLS] PRODUCT|START_SESSION|NONE PRODUCT|VIEW_PRODUCT|REVISIT_ONCE PRODUCT|CHECK_PRICE|SCROLL_LOW PRODUCT|CHECK_PRICE|SCROLL_MID PRODUCT|PRICE_REVIEW_EPISODE|STRONG PRODUCT|CHECK_PRICE|SCROLL_HIGH PRODUCT|VIEW_PRODUCT|REVISIT_ONCE PRODUCT|CHECK_PRICE|DWELL_SHORT PRODUCT|SCROLL_PRODUCT|SCROLL_MID PRODUCT|VIEW_PRODUCT|REVISIT_ONCE PRODUCT|VIEW_REVIEW|REVISIT_ONCE PRODUCT|EXIT_BOUNCE|NONE
825492ef-44d9-4942-899d-02ca3fc3439d,0,1.0,0.66735965,-0.39470527,3,4,[CLS] CATEGORY|START_SESSION|NONE CATEGORY|SCROLL_CATEGORY|NONE CATEGORY|VIEW_PRODUCT|REVISIT_ONCE
2f95f595-26bd-407b-98ba-48a4092d4f9d,6,1.0,-0.2364112,0.11154771,4,5,[CLS] PRODUCT|START_SESSION|NONE PRODUCT|SCROLL_PRODUCT|SCROLLED PRODUCT|CHECK_PRICE|DWELL_SHORT PRODUCT|VIEW_PRODUCT|REVISIT_ONCE
cc115968-21a6-4638-8321-3d7864ed82a9,6,1.0,-0.2364112,0.11154771,4,5,[CLS] PRODUCT|START_SESSION|NONE PRODUCT|SCROLL_PRODUCT|SCROLLED PRODUCT|CHECK_PRICE|DWELL_SHORT PRODUCT|VIEW_PRODUCT|REVISIT_ONCE
86c6dd35-ed6f-4fb7-8588-6154b96aed4b,6,1.0,-0.19561884,0.13887662,4,5,[CLS] PRODUCT|START_SESSION|NONE PRODUCT|SCROLL_PRODUCT|SCROLLED PRODUCT|VIEW_PRODUCT|REVISIT_ONCE PRODUCT|CHECK_PRICE|DWELL_SHORT
1f5f6c34-3026-4e9d-9489-84a1ab160ae3,-1,0.0,-0.30439794,0.17925893,5,6,[CLS] PRODUCT|START_SESSION|NONE PRODUCT|VIEW_REVIEW|DWELL_MEDIUM PRODUCT|VIEW_REVIEW|REVISIT_ONCE PRODUCT|REVIEW_EXPLORATION_EPISODE|STRONG PRODUCT|CHECK_PRICE|DWELL_SHORT
bd0c43e6-f9ce-4d18-95b2-3cf0bae2ef4f,5,1.0,-0.34544453,-0.13716802,5,6,[CLS] PRODUCT|START_SESSION|NONE PRODUCT|VIEW_PRODUCT|REVISIT_ONCE PRODUCT|SCROLL_PRODUCT|SCROLLED PRODUCT|CHECK_PRICE|DWELL_SHORT PRODUCT|VIEW_PRODUCT|REVISIT_ONCE
945bac9a-a793-4d5c-9199-9303e15c87a4,2,0.605035,0.65898454,0.32736698,24,25,[CLS] HOME|START_SESSION|NONE HOME|SCROLL_HOME|NONE PRODUCT|HOVER_ELEMENT|NONE PRODUCT|ZOOM_IMAGE|NONE PRODUCT|CLICK_ELEMENT|NONE PRODUCT|HOVER_ELEMENT|NONE PRODUCT|SCROLL_PRODUCT|SCROLL_LOW HOME|SCROLL_HOME|NONE PRODUCT|SCROLL_PRODUCT|SCROLL_LOW PRODUCT|HOVER_ELEMENT|NONE PRODUCT|ZOOM_IMAGE|NONE PRODUCT|HOVER_ELEMENT|NONE PRODUCT|VIEW_PRODUCT|REVISIT_ONCE PRODUCT|CLICK_ELEMENT|NONE PRODUCT|EXIT_SESSION|NONE CATEGORY|START_SESSION|NONE CATEGORY|SCROLL_CATEGORY|NONE CATEGORY|VIEW_PRODUCT|REVISIT_ONCE CATEGORY|HOVER_ELEMENT|NONE CATEGORY|DISTRACTED_EPISODE|REPEAT CATEGORY|EXIT_BOUNCE|NONE CATEGORY|START_SESSION|NONE CATEGORY|HOVER_ELEMENT|NONE CATEGORY|TAB_OUT|NONE
0df1f77a-a1f6-4208-b8f9-13ac123174c7,-1,0.0,0.30640051,-0.34421676,4,5,[CLS] HOME|START_SESSION|NONE HOME|EXIT_BOUNCE|NONE HOME|START_SESSION|NONE HOME|EXIT_BOUNCE|NONE
c901c44d-77e5-4b38-8b56-698af7dd9011,3,1.0,0.12499535,0.52479589,58,59,[CLS] HOME|START_SESSION|NONE HOME|SCROLL_HOME|NONE PRODUCT|VIEW_PRODUCT|REVISIT_ONCE PRODUCT|SCROLL_PRODUCT|SCROLL_LOW PRODUCT|ZOOM_IMAGE|NONE PRODUCT|SCROLL_PRODUCT|SCROLL_LOW HOME|SCROLL_HOME|NONE PRODUCT|VIEW_PRODUCT|REVISIT_ONCE PRODUCT|SCROLL_PRODUCT|SCROLL_MID PRODUCT|ZOOM_IMAGE|NONE PRODUCT|SCROLL_PRODUCT|SCROLL_MID PRODUCT|CHECK_SIZE|SCROLL_MID PRODUCT|VIEW_PRODUCT|REVISIT_ONCE PRODUCT|ZOOM_IMAGE|NONE PRODUCT|SCROLL_PRODUCT|SCROLL_HIGH PRODUCT|VIEW_PRODUCT|REVISIT_ONCE PRODUCT|SCROLL_PRODUCT|SCROLL_HIGH HOME|SCROLL_HOME|NONE HOME|HOVER_ELEMENT|NONE HOME|SCROLL_HOME|NONE HOME|HOVER_ELEMENT|NONE HOME|CLICK_BUY|NONE HOME|HOVER_ELEMENT|NONE HOME|EXIT_BOUNCE|NONE HOME|START_SESSION|NONE HOME|SCROLL_HOME|NONE PRODUCT|SCROLL_PRODUCT|SCROLL_LOW PRODUCT|ZOOM_IMAGE|NONE HOME|SCROLL_HOME|NONE HOME|HOVER_ELEMENT|NONE HOME|SCROLL_HOME|NONE PRODUCT|ZOOM_IMAGE|NONE HOME|SCROLL_HOME|NONE HOME|HOVER_ELEMENT|NONE PRODUCT|ZOOM_IMAGE|NONE PRODUCT|VIEW_PRODUCT|REVISIT_ONCE PRODUCT|ZOOM_IMAGE|NONE PRODUCT|CLICK_ELEMENT|NONE PRODUCT|SCROLL_PRODUCT|SCROLL_LOW PRODUCT|ZOOM_IMAGE|NONE PRODUCT|HOVER_ELEMENT|NONE PRODUCT|SCROLL_PRODUCT|SCROLL_LOW PRODUCT|VIEW_PRODUCT|REVISIT_ONCE PRODUCT|SCROLL_PRODUCT|SCROLL_LOW PRODUCT|VIEW_PRODUCT|REVISIT_ONCE PRODUCT|SCROLL_PRODUCT|SCROLL_MID PRODUCT|SCROLL_PRODUCT|SCROLL_LOW HOME|SCROLL_HOME|NONE PRODUCT|VIEW_PRODUCT|REVISIT_ONCE PRODUCT|SCROLL_PRODUCT|SCROLL_MID PRODUCT|VIEW_PRODUCT|REVISIT_ONCE PRODUCT|SCROLL_PRODUCT|SCROLL_HIGH PRODUCT|VIEW_PRODUCT|REVISIT_ONCE PRODUCT|SCROLL_PRODUCT|SCROLL_HIGH HOME|SCROLL_HOME|NONE HOME|HOVER_ELEMENT|NONE HOME|DISTRACTED_EPISODE|REPEAT HOME|EXIT_SESSION|NONE
ca1a0d22-92e1-4f10-94a3-9785850193a6,2,0.605035,0.92130464,0.14914072,27,28,[CLS] HOME|START_SESSION|NONE HOME|HOVER_ELEMENT|NONE HOME|SCROLL_HOME|NONE HOME|HOVER_ELEMENT|NONE PRODUCT|CLICK_ELEMENT|NONE PRODUCT|SCROLL_PRODUCT|SCROLL_LOW PRODUCT|HOVER_ELEMENT|NONE PRODUCT|CLICK_ELEMENT|NONE PRODUCT|EXIT_SESSION|NONE PRODUCT|START_SESSION|NONE HOME|EXIT_BOUNCE|NONE CATEGORY|START_SESSION|NONE CATEGORY|SCROLL_CATEGORY|NONE CATEGORY|SCROLL_PRODUCT|SCROLL_LOW CATEGORY|VIEW_PRODUCT|REVISIT_ONCE CATEGORY|SCROLL_PRODUCT|SCROLL_MID CATEGORY|SCROLL_PRODUCT|SCROLL_LOW CATEGORY|SCROLL_CATEGORY|NONE CATEGORY|HOVER_ELEMENT|NONE CATEGORY|SCROLL_CATEGORY|NONE CATEGORY|HOVER_ELEMENT|NONE [UNK] CATEGORY|SCROLL_CATEGORY|NONE CATEGORY|HOVER_ELEMENT|NONE CATEGORY|TAB_OUT|NONE CATEGORY|INACTIVE|NONE CATEGORY|EXIT_SESSION|NONE
34a11e1c-8636-4694-b9f1-803a8644fd78,-1,0.0,-0.15713704,-0.01199131,21,22,[CLS] HOME|START_SESSION|NONE PRODUCT|VIEW_PRODUCT|REVISIT_ONCE PRODUCT|SCROLL_PRODUCT|SCROLL_LOW PRODUCT|VIEW_PRODUCT|REVISIT_ONCE HOME|SCROLL_HOME|NONE PRODUCT|VIEW_PRODUCT|REVISIT_ONCE PRODUCT|SCROLL_PRODUCT|SCROLL_LOW HOME|SCROLL_HOME|NONE PRODUCT|VIEW_PRODUCT|REVISIT_ONCE PRODUCT|SCROLL_PRODUCT|SCROLL_MID PRODUCT|VIEW_PRODUCT|REVISIT_ONCE PRODUCT|SCROLL_PRODUCT|SCROLL_MID PRODUCT|VIEW_PRODUCT|REVISIT_ONCE PRODUCT|SCROLL_PRODUCT|SCROLL_MID PRODUCT|VIEW_PRODUCT|REVISIT_ONCE PRODUCT|CHECK_SIZE|SCROLL_MID PRODUCT|VIEW_PRODUCT|REVISIT_ONCE PRODUCT|SCROLL_PRODUCT|SCROLL_MID PRODUCT|VIEW_PRODUCT|REVISIT_ONCE PRODUCT|TAB_OUT|NONE PRODUCT|EXIT_SESSION|NONE
9a5a79fb-064d-4b08-8897-b88d5aabb7b5,0,0.8586,0.65248269,-0.20160186,5,6,[CLS] CATEGORY|START_SESSION|NONE CATEGORY|SCROLL_CATEGORY|NONE CATEGORY|VIEW_PRODUCT|REVISIT_ONCE CATEGORY|SCROLL_CATEGORY|NONE CATEGORY|EXIT_BOUNCE|NONE
7368063f-6731-4a1a-87ed-c4aaf25b55ff,-1,0.0,0.30337951,-0.14644895,3,4,[CLS] HOME|START_SESSION|NONE PRODUCT|CLICK_ELEMENT|NONE PRODUCT|EXIT_SESSION|NONE
cf4c3641-1a9f-43b3-a3d6-2b99f2beebab,1,0.529349,-0.29506969,-0.4381786,11,12,[CLS] PRODUCT|START_SESSION|NONE PRODUCT|CHECK_PRICE|SCROLL_LOW PRODUCT|CHECK_PRICE|SCROLL_MID PRODUCT|PRICE_REVIEW_EPISODE|STRONG PRODUCT|CHECK_PRICE|SCROLL_HIGH PRODUCT|VIEW_PRODUCT|REVISIT_ONCE PRODUCT|CHECK_PRICE|DWELL_SHORT PRODUCT|SCROLL_PRODUCT|SCROLL_MID PRODUCT|VIEW_PRODUCT|REVISIT_ONCE PRODUCT|VIEW_REVIEW|REVISIT_ONCE PRODUCT|EXIT_BOUNCE|NONE
3f45a7d3-1f96-4073-a4c2-2c735f18fa87,-1,0.0,0.44415924,-0.02929665,27,28,[CLS] PRODUCT|START_SESSION|NONE PRODUCT|VIEW_PRODUCT|REVISIT_ONCE PRODUCT|SCROLL_PRODUCT|SCROLL_LOW PRODUCT|SCROLL_REVIEW|SCROLL_LOW PRODUCT|CLICK_ELEMENT|NONE PRODUCT|HOVER_ELEMENT|NONE PRODUCT|VIEW_PRODUCT|REVISIT_ONCE PRODUCT|HOVER_ELEMENT|NONE PRODUCT|ADD_CART|NONE PRODUCT|SCROLL_PRODUCT|SCROLL_LOW PRODUCT|VIEW_PRODUCT|REVISIT_ONCE PRODUCT|HOVER_ELEMENT|NONE PRODUCT|DISTRACTED_EPISODE|REPEAT PRODUCT|HOVER_ELEMENT|NONE PRODUCT|DISTRACTED_EPISODE|REPEAT PRODUCT|CLICK_ELEMENT|NONE PRODUCT|INACTIVE|NONE PRODUCT|HOVER_ELEMENT|NONE PRODUCT|DISTRACTED_EPISODE|REPEAT PRODUCT|HOVER_ELEMENT|NONE PRODUCT|DISTRACTED_EPISODE|REPEAT PRODUCT|CLICK_ELEMENT|NONE PRODUCT|DISTRACTED_EPISODE|REPEAT PRODUCT|HOVER_ELEMENT|NONE PRODUCT|TAB_OUT|NONE PRODUCT|INACTIVE|NONE PRODUCT|EXIT_SESSION|NONE
5205cf01-20db-4d44-9f93-e25f0a012141,6,0.771379,-0.19286765,0.35321358,5,6,[CLS] PRODUCT|START_SESSION|NONE PRODUCT|CHECK_PRICE|DWELL_SHORT PRODUCT|VIEW_PRODUCT|REVISIT_ONCE PRODUCT|SCROLL_PRODUCT|SCROLLED PRODUCT|SCROLL_REVIEW|SCROLL_HIGH
ee25ea06-c735-456e-9578-2da0b265038f,-1,0.0,-0.11283794,0.42550784,3,4,[CLS] PRODUCT|START_SESSION|NONE PRODUCT|INACTIVE|NONE PRODUCT|VIEW_REVIEW|REVISIT_ONCE
b5e67c51-82d9-4f69-a46e-d4efdbfbb5e9,1,1.0,-0.38488334,-0.52940542,7,8,[CLS] PRODUCT|START_SESSION|NONE PRODUCT|CHECK_PRICE|SCROLL_LOW PRODUCT|CHECK_PRICE|SCROLL_MID PRODUCT|PRICE_REVIEW_EPISODE|STRONG PRODUCT|CHECK_PRICE|SCROLL_HIGH PRODUCT|VIEW_PRODUCT|REVISIT_ONCE PRODUCT|CHECK_PRICE|DWELL_SHORT
a2868c51-06c4-4cca-bbf4-d445bce73fda,3,1.0,0.12760736,0.43267035,27,28,[CLS] HOME|START_SESSION|NONE PRODUCT|VIEW_PRODUCT|REVISIT_ONCE HOME|HOVER_ELEMENT|NONE HOME|SCROLL_HOME|NONE PRODUCT|VIEW_PRODUCT|REVISIT_ONCE HOME|SCROLL_HOME|NONE PRODUCT|ZOOM_IMAGE|NONE PRODUCT|SCROLL_PRODUCT|SCROLL_LOW PRODUCT|SCROLL_PRODUCT|SCROLL_MID HOME|SCROLL_HOME|NONE HOME|HOVER_ELEMENT|NONE PRODUCT|VIEW_PRODUCT|REVISIT_ONCE PRODUCT|SCROLL_PRODUCT|SCROLL_MID PRODUCT|VIEW_PRODUCT|REVISIT_ONCE PRODUCT|SCROLL_PRODUCT|SCROLL_LOW HOME|SCROLL_HOME|NONE HOME|HOVER_ELEMENT|NONE PRODUCT|ZOOM_IMAGE|NONE PRODUCT|VIEW_PRODUCT|REVISIT_ONCE PRODUCT|SCROLL_PRODUCT|SCROLL_LOW PRODUCT|HOVER_ELEMENT|NONE PRODUCT|SCROLL_PRODUCT|SCROLL_MID PRODUCT|HOVER_ELEMENT|NONE PRODUCT|ZOOM_IMAGE|NONE PRODUCT|HOVER_ELEMENT|NONE PRODUCT|INACTIVE|NONE PRODUCT|EXIT_SESSION|NONE
1887ad22-c1db-4ad2-84f7-d01714c45c40,3,0.922536,0.44089434,0.44772831,65,66,[CLS] HOME|START_SESSION|NONE PRODUCT|VIEW_PRODUCT|REVISIT_ONCE PRODUCT|SCROLL_PRODUCT|SCROLL_LOW HOME|SCROLL_HOME|NONE HOME|HOVER_ELEMENT|NONE PRODUCT|SCROLL_PRODUCT|SCROLL_LOW PRODUCT|VIEW_PRODUCT|REVISIT_ONCE PRODUCT|SCROLL_PRODUCT|SCROLL_LOW HOME|SCROLL_HOME|NONE HOME|HOVER_ELEMENT|NONE PRODUCT|ZOOM_IMAGE|NONE HOME|HOVER_ELEMENT|NONE PRODUCT|VIEW_REVIEW|NONE PRODUCT|EXIT_SESSION|NONE MEMBER|START_SESSION|NONE [UNK] MEMBER|START_INPUT|NONE [UNK] [UNK] MEMBER|EDIT_INPUT|NONE [UNK] MEMBER|SCROLL_REVIEW|SCROLL_LOW MEMBER|CHECK_SIZE|SCROLL_LOW MEMBER|CHECK_SIZE|HOVER_SHORT MEMBER|SIZE_CHECK_EPISODE|STRONG MEMBER|CHECK_SIZE|SCROLL_LOW MEMBER|CHECK_SIZE|HOVER_SHORT MEMBER|EDIT_INPUT|NONE MEMBER|START_INPUT|NONE MEMBER|CLICK_ELEMENT|NONE MEMBER|EDIT_INPUT|NONE MEMBER|HOVER_ELEMENT|NONE MEMBER|EDIT_INPUT|NONE MEMBER|START_INPUT|NONE MEMBER|CLICK_ELEMENT|NONE MEMBER|EDIT_INPUT|NONE MEMBER|HOVER_ELEMENT|NONE MEMBER|EDIT_INPUT|NONE MEMBER|CLICK_ELEMENT|NONE MEMBER|EXIT_SESSION|NONE MEMBER|START_SESSION|NONE MEMBER|HOVER_ELEMENT|NONE MEMBER|SCROLL_PAGE|NONE MEMBER|HOVER_ELEMENT|NONE MEMBER|EXIT_BOUNCE|NONE MEMBER|START_SESSION|NONE MEMBER|EXIT_BOUNCE|NONE HOME|START_SESSION|NONE HOME|HOVER_ELEMENT|NONE PRODUCT|SCROLL_PRODUCT|SCROLL_LOW HOME|SCROLL_HOME|NONE PRODUCT|HOVER_ELEMENT|NONE PRODUCT|ZOOM_IMAGE|NONE PRODUCT|CLICK_ELEMENT|NONE PRODUCT|HOVER_ELEMENT|NONE PRODUCT|SCROLL_PRODUCT|SCROLL_LOW PRODUCT|HOVER_ELEMENT|NONE PRODUCT|ZOOM_IMAGE|NONE PRODUCT|HOVER_ELEMENT|NONE PRODUCT|INACTIVE|NONE PRODUCT|HOVER_ELEMENT|NONE PRODUCT|INACTIVE|NONE PRODUCT|HOVER_ELEMENT|NONE PRODUCT|DISTRACTED_EPISODE|REPEAT PRODUCT|EXIT_SESSION|NONE
47cb422b-b514-4aed-8142-8adc6f670955,-1,0.0,-0.15175667,0.37219414,4,5,[CLS] PRODUCT|START_SESSION|NONE PRODUCT|INACTIVE|NONE PRODUCT|VIEW_REVIEW|REVISIT_ONCE PRODUCT|CHECK_PRICE|DWELL_MEDIUM
1fa6bd1d-6119-4ebb-813c-ebc74306f13f,-1,0.0,-0.05578116,-0.18687306,5,6,[CLS] HOME|TAB_RETURN|NONE HOME|START_SESSION|NONE HOME|TAB_OUT|NONE HOME|INACTIVE|NONE HOME|EXIT_BOUNCE|NONE
365db2c8-2ae3-4bd2-8afa-5d384874e955,1,0.529349,-0.29506969,-0.4381786,11,12,[CLS] PRODUCT|START_SESSION|NONE PRODUCT|CHECK_PRICE|SCROLL_LOW PRODUCT|CHECK_PRICE|SCROLL_MID PRODUCT|PRICE_REVIEW_EPISODE|STRONG PRODUCT|CHECK_PRICE|SCROLL_HIGH PRODUCT|VIEW_PRODUCT|REVISIT_ONCE PRODUCT|CHECK_PRICE|DWELL_SHORT PRODUCT|SCROLL_PRODUCT|SCROLL_MID PRODUCT|VIEW_PRODUCT|REVISIT_ONCE PRODUCT|VIEW_REVIEW|REVISIT_ONCE PRODUCT|EXIT_BOUNCE|NONE
27dd77b0-9655-414c-809a-ad84185b9661,-1,0.0,0.18755284,0.01893378,6,7,[CLS] HOME|START_SESSION|NONE HOME|TAB_RETURN|NONE HOME|HOVER_ELEMENT|NONE HOME|TAB_OUT|NONE HOME|INACTIVE|NONE HOME|EXIT_BOUNCE|NONE
1a9ba94c-505a-4901-9943-e24200e9e7d0,-1,0.0,0.02259576,-0.37987927,3,4,[CLS] HOME|START_SESSION|NONE HOME|TAB_RETURN|NONE HOME|EXIT_BOUNCE|NONE
b5b3ad0e-1f5b-4fdf-a6ba-8f210f13b333,-1,0.0,-0.11283794,0.42550784,3,4,[CLS] PRODUCT|START_SESSION|NONE PRODUCT|INACTIVE|NONE PRODUCT|VIEW_REVIEW|REVISIT_ONCE
8314cc88-e902-4415-9981-c37a6fb2ddc9,0,1.0,0.58837104,-0.3947129,3,4,[CLS] CATEGORY|START_SESSION|NONE CATEGORY|VIEW_PRODUCT|REVISIT_ONCE CATEGORY|SCROLL_CATEGORY|NONE
34568673-23fc-4362-871c-6cc61c111f7a,-1,0.0,-0.11283794,0.42550784,3,4,[CLS] PRODUCT|START_SESSION|NONE PRODUCT|INACTIVE|NONE PRODUCT|VIEW_REVIEW|REVISIT_ONCE
474a24c8-0d83-4e25-a25a-f8c0424703f2,-1,0.0,-0.11283794,0.42550784,3,4,[CLS] PRODUCT|START_SESSION|NONE PRODUCT|INACTIVE|NONE PRODUCT|VIEW_REVIEW|REVISIT_ONCE
e4f725cc-bea5-4ed6-af16-b291bf05498d,4,1.0,-0.0243457,0.61240917,5,6,[CLS] PRODUCT|START_SESSION|NONE PRODUCT|VIEW_REVIEW|REVISIT_ONCE PRODUCT|INACTIVE|NONE PRODUCT|VIEW_REVIEW|REVISIT_ONCE PRODUCT|REVIEW_EXPLORATION_EPISODE|STRONG
469afc8a-18d0-49d0-8f3a-36e865c29d40,-1,0.0,-0.0370454,-0.03282445,6,7,[CLS] PRODUCT|START_SESSION|NONE PRODUCT|CHECK_SIZE|SCROLL_LOW PRODUCT|VIEW_PRODUCT|REVISIT_ONCE PRODUCT|SCROLL_PRODUCT|SCROLL_LOW PRODUCT|TAB_OUT|NONE PRODUCT|EXIT_SESSION|NONE
a454b8b6-a880-4ba5-b7eb-37d80e66c23d,4,0.709341,-0.03523402,0.34026024,6,7,[CLS] PRODUCT|START_SESSION|NONE PRODUCT|INACTIVE|NONE PRODUCT|VIEW_REVIEW|REVISIT_ONCE PRODUCT|INACTIVE|NONE PRODUCT|VIEW_REVIEW|REVISIT_ONCE PRODUCT|REVIEW_EXPLORATION_EPISODE|STRONG
796fbd9a-7bb5-4c3f-9939-20b901db1c52,1,0.821001,-0.48716643,-0.35499451,6,7,[CLS] PRODUCT|START_SESSION|NONE PRODUCT|CHECK_PRICE|SCROLL_LOW PRODUCT|CHECK_PRICE|SCROLL_MID PRODUCT|PRICE_REVIEW_EPISODE|STRONG PRODUCT|CHECK_PRICE|SCROLL_HIGH PRODUCT|CHECK_PRICE|DWELL_SHORT
b2d4d622-b61f-4d3a-8b8f-657890a5a841,-1,0.0,-0.07847092,0.37709844,101,102,[CLS] HOME|START_SESSION|NONE PRODUCT|CLICK_ELEMENT|NONE PRODUCT|SCROLL_PRODUCT|SCROLL_LOW PRODUCT|VIEW_PRODUCT|REVISIT_ONCE PRODUCT|HOVER_ELEMENT|NONE PRODUCT|VIEW_PRODUCT|REVISIT_ONCE PRODUCT|SCROLL_PRODUCT|SCROLL_LOW PRODUCT|VIEW_PRODUCT|REVISIT_ONCE PRODUCT|CLICK_ELEMENT|NONE PRODUCT|VIEW_PRODUCT|NONE PRODUCT|EXIT_SESSION|NONE PRODUCT|TAB_OUT|NONE PRODUCT|START_SESSION|NONE PRODUCT|VIEW_PRODUCT|REVISIT_ONCE PRODUCT|SCROLL_PRODUCT|SCROLL_LOW PRODUCT|CHECK_PRICE|SCROLL_LOW PRODUCT|CHECK_SIZE|SCROLL_LOW PRODUCT|CHECK_SIZE|SCROLL_MID PRODUCT|SIZE_CHECK_EPISODE|STRONG PRODUCT|CHECK_SIZE|SCROLL_LOW PRODUCT|CHECK_SIZE|SCROLL_MID PRODUCT|CHECK_PRICE|DWELL_SHORT PRODUCT|PRICE_REVIEW_EPISODE|STRONG PRODUCT|CHECK_SIZE|SCROLL_MID PRODUCT|SCROLL_PRODUCT|SCROLL_MID PRODUCT|CHECK_SIZE|SCROLL_MID PRODUCT|CHECK_SIZE|SCROLL_HIGH PRODUCT|CHECK_SIZE|SCROLL_MID PRODUCT|CHECK_SIZE|SCROLL_HIGH PRODUCT|SCROLL_PRODUCT|SCROLL_HIGH PRODUCT|EXIT_SESSION|NONE HOME|TAB_RETURN|NONE HOME|SCROLL_HOME|NONE PRODUCT|VIEW_PRODUCT|REVISIT_ONCE PRODUCT|SCROLL_PRODUCT|SCROLL_LOW HOME|SCROLL_HOME|NONE PRODUCT|VIEW_PRODUCT|REVISIT_ONCE PRODUCT|SCROLL_PRODUCT|SCROLL_MID PRODUCT|VIEW_PRODUCT|REVISIT_ONCE HOME|SCROLL_HOME|NONE PRODUCT|VIEW_PRODUCT|REVISIT_ONCE PRODUCT|SCROLL_PRODUCT|SCROLL_MID PRODUCT|VIEW_PRODUCT|REVISIT_ONCE PRODUCT|CHECK_SIZE|SCROLL_MID PRODUCT|VIEW_PRODUCT|REVISIT_ONCE HOME|SCROLL_HOME|NONE PRODUCT|VIEW_PRODUCT|REVISIT_ONCE PRODUCT|SCROLL_PRODUCT|SCROLL_HIGH HOME|SCROLL_HOME|NONE PRODUCT|VIEW_PRODUCT|REVISIT_ONCE PRODUCT|SCROLL_PRODUCT|SCROLL_HIGH PRODUCT|CLICK_ELEMENT|NONE HOME|ENTER_HOME|NONE PRODUCT|VIEW_PRODUCT|REVISIT_ONCE HOME|SCROLL_HOME|NONE PRODUCT|VIEW_PRODUCT|REVISIT_ONCE PRODUCT|CHECK_SIZE|SCROLL_MID PRODUCT|VIEW_PRODUCT|REVISIT_ONCE PRODUCT|HOVER_ELEMENT|NONE PRODUCT|CLICK_ELEMENT|NONE HOME|ENTER_HOME|NONE PRODUCT|SCROLL_PRODUCT|SCROLL_MID PRODUCT|VIEW_PRODUCT|REVISIT_ONCE PRODUCT|SCROLL_PRODUCT|SCROLL_MID PRODUCT|VIEW_PRODUCT|REVISIT_ONCE PRODUCT|SCROLL_PRODUCT|SCROLL_MID PRODUCT|VIEW_PRODUCT|REVISIT_ONCE PRODUCT|HOVER_ELEMENT|NONE PRODUCT|CLICK_ELEMENT|NONE PRODUCT|VIEW_PRODUCT|NONE PRODUCT|EXIT_SESSION|NONE PRODUCT|START_SESSION|NONE PRODUCT|TAB_OUT|NONE PRODUCT|START_SESSION|NONE PRODUCT|CHECK_PRICE|DWELL_SHORT PRODUCT|SCROLL_PRODUCT|SCROLL_LOW PRODUCT|VIEW_PRODUCT|REVISIT_ONCE PRODUCT|SCROLL_PRODUCT|SCROLL_LOW PRODUCT|CHECK_PRICE|SCROLL_LOW PRODUCT|PRICE_REVIEW_EPISODE|STRONG PRODUCT|SCROLL_PRODUCT|SCROLL_LOW PRODUCT|CHECK_SIZE|SCROLL_LOW PRODUCT|CHECK_SIZE|SCROLL_MID PRODUCT|SIZE_CHECK_EPISODE|STRONG PRODUCT|VIEW_PRODUCT|REVISIT_ONCE PRODUCT|SCROLL_PRODUCT|SCROLL_MID PRODUCT|CHECK_PRICE|DWELL_SHORT PRODUCT|SCROLL_PRODUCT|SCROLL_MID PRODUCT|CHECK_SIZE|SCROLL_MID PRODUCT|CHECK_SIZE|SCROLL_HIGH PRODUCT|CHECK_SIZE|SCROLL_MID PRODUCT|CHECK_SIZE|SCROLL_HIGH PRODUCT|CHECK_SIZE|SCROLL_MID PRODUCT|CHECK_SIZE|SCROLL_HIGH PRODUCT|SCROLL_PRODUCT|SCROLL_HIGH PRODUCT|EXIT_SESSION|NONE HOME|TAB_RETURN|NONE HOME|SCROLL_HOME|NONE PRODUCT|VIEW_PRODUCT|REVISIT_ONCE HOME|TAB_OUT|NONE HOME|EXIT_BOUNCE|NONE
ce302d78-a17f-4ae7-acd7-628d5098b898,4,1.0,-0.0243457,0.61240917,5,6,[CLS] PRODUCT|START_SESSION|NONE PRODUCT|VIEW_REVIEW|REVISIT_ONCE PRODUCT|INACTIVE|NONE PRODUCT|VIEW_REVIEW|REVISIT_ONCE PRODUCT|REVIEW_EXPLORATION_EPISODE|STRONG
7611b1bf-f1c5-4316-8ab7-42c70d37b8f2,2,0.863366,0.59320873,-0.14689687,57,58,[CLS] HOME|START_SESSION|NONE PRODUCT|CLICK_ELEMENT|NONE PRODUCT|HOVER_ELEMENT|NONE PRODUCT|VIEW_PRODUCT|REVISIT_ONCE PRODUCT|SCROLL_PRODUCT|SCROLL_LOW PRODUCT|VIEW_PRODUCT|REVISIT_ONCE PRODUCT|SCROLL_PRODUCT|SCROLL_LOW HOME|SCROLL_HOME|NONE PRODUCT|VIEW_PRODUCT|REVISIT_ONCE PRODUCT|SCROLL_PRODUCT|SCROLL_LOW PRODUCT|VIEW_PRODUCT|REVISIT_ONCE PRODUCT|SCROLL_PRODUCT|SCROLL_LOW PRODUCT|VIEW_PRODUCT|REVISIT_ONCE PRODUCT|SCROLL_PRODUCT|SCROLL_LOW HOME|SCROLL_HOME|NONE PRODUCT|VIEW_PRODUCT|REVISIT_ONCE PRODUCT|SCROLL_PRODUCT|SCROLL_MID PRODUCT|VIEW_PRODUCT|REVISIT_ONCE PRODUCT|SCROLL_PRODUCT|SCROLL_MID PRODUCT|VIEW_PRODUCT|REVISIT_ONCE PRODUCT|VIEW_REVIEW|NONE HOME|HOVER_ELEMENT|NONE PRODUCT|VIEW_REVIEW|NONE PRODUCT|REVIEW_EXPLORATION_EPISODE|STRONG PRODUCT|EXIT_SESSION|NONE CATEGORY|START_SESSION|NONE CATEGORY|VIEW_PRODUCT|REVISIT_ONCE CATEGORY|VIEW_REVIEW|NONE CATEGORY|SCROLL_PRODUCT|SCROLL_LOW CATEGORY|VIEW_PRODUCT|REVISIT_ONCE CATEGORY|SCROLL_PRODUCT|SCROLL_LOW CATEGORY|SCROLL_CATEGORY|NONE CATEGORY|VIEW_PRODUCT|REVISIT_ONCE CATEGORY|SCROLL_PRODUCT|SCROLL_LOW CATEGORY|VIEW_PRODUCT|REVISIT_ONCE CATEGORY|SCROLL_PRODUCT|SCROLL_LOW CATEGORY|VIEW_PRODUCT|REVISIT_ONCE CATEGORY|SCROLL_PRODUCT|SCROLL_LOW CATEGORY|VIEW_PRODUCT|REVISIT_ONCE CATEGORY|SCROLL_PRODUCT|SCROLL_MID CATEGORY|VIEW_PRODUCT|REVISIT_ONCE CATEGORY|SCROLL_PRODUCT|SCROLL_MID CATEGORY|VIEW_PRODUCT|REVISIT_ONCE CATEGORY|SCROLL_PRODUCT|SCROLL_MID CATEGORY|VIEW_PRODUCT|REVISIT_ONCE CATEGORY|SCROLL_PRODUCT|SCROLL_MID CATEGORY|SCROLL_CATEGORY|NONE CATEGORY|VIEW_PRODUCT|REVISIT_ONCE CATEGORY|SCROLL_PRODUCT|SCROLL_MID CATEGORY|VIEW_PRODUCT|REVISIT_ONCE CATEGORY|SCROLL_CATEGORY|NONE CATEGORY|VIEW_PRODUCT|REVISIT_ONCE CATEGORY|SCROLL_CATEGORY|NONE CATEGORY|EXIT_SESSION|NONE HOME|START_SESSION|NONE HOME|TAB_OUT|NONE HOME|EXIT_BOUNCE|NONE
f7493ccc-c42a-477a-84e2-6f380c588b5c,-1,0.0,-0.17836134,0.00377613,10,11,[CLS] PRODUCT|START_SESSION|NONE PRODUCT|VIEW_REVIEW|DWELL_MEDIUM PRODUCT|SCROLL_PRODUCT|SCROLLED PRODUCT|CHECK_PRICE|DWELL_SHORT PRODUCT|VIEW_PRODUCT|REVISIT_ONCE PRODUCT|SCROLL_PRODUCT|SCROLL_MID PRODUCT|VIEW_PRODUCT|REVISIT_ONCE PRODUCT|VIEW_REVIEW|REVISIT_ONCE PRODUCT|REVIEW_EXPLORATION_EPISODE|STRONG PRODUCT|EXIT_BOUNCE|NONE
f23e6e14-b372-4df7-80ff-bd25879807f5,-1,0.0,-0.37150046,-0.16731352,3,4,[CLS] PRODUCT|START_SESSION|NONE PRODUCT|VIEW_REVIEW|DWELL_MEDIUM PRODUCT|VIEW_PRODUCT|REVISIT_ONCE
72a582dc-ca9b-4d10-b664-b02c4b2f4a83,-1,0.0,-0.17465922,-0.04679078,3,4,[CLS] PRODUCT|START_SESSION|NONE PRODUCT|VIEW_PRODUCT|REVISIT_ONCE PRODUCT|SCROLL_PRODUCT|SCROLLED
fd06cd55-c73a-4c15-9db2-21693ae1bd87,0,1.0,0.58837104,-0.3947129,3,4,[CLS] CATEGORY|START_SESSION|NONE CATEGORY|VIEW_PRODUCT|REVISIT_ONCE CATEGORY|SCROLL_CATEGORY|NONE
939ee3ed-2d34-4ab9-9857-bd6feaa4a7ee,0,1.0,0.58837104,-0.3947129,3,4,[CLS] CATEGORY|START_SESSION|NONE CATEGORY|VIEW_PRODUCT|REVISIT_ONCE CATEGORY|SCROLL_CATEGORY|NONE
a685c716-7547-4fde-bc8a-56f141644448,4,1.0,-0.0243457,0.61240917,5,6,[CLS] PRODUCT|START_SESSION|NONE PRODUCT|VIEW_REVIEW|REVISIT_ONCE PRODUCT|INACTIVE|NONE PRODUCT|VIEW_REVIEW|REVISIT_ONCE PRODUCT|REVIEW_EXPLORATION_EPISODE|STRONG
ac76ee5c-5209-4413-88e5-f01833135eba,4,0.709341,-0.03523402,0.34026024,6,7,[CLS] PRODUCT|START_SESSION|NONE PRODUCT|INACTIVE|NONE PRODUCT|VIEW_REVIEW|REVISIT_ONCE PRODUCT|INACTIVE|NONE PRODUCT|VIEW_REVIEW|REVISIT_ONCE PRODUCT|REVIEW_EXPLORATION_EPISODE|STRONG
46947b7d-4250-494f-8af2-91b033511a14,4,1.0,-0.0243457,0.61240917,5,6,[CLS] PRODUCT|START_SESSION|NONE PRODUCT|VIEW_REVIEW|REVISIT_ONCE PRODUCT|INACTIVE|NONE PRODUCT|VIEW_REVIEW|REVISIT_ONCE PRODUCT|REVIEW_EXPLORATION_EPISODE|STRONG
f9af0f07-0182-4b5d-a465-36b67d3788f7,5,0.514009,-0.36642545,-0.31038749,4,5,[CLS] PRODUCT|START_SESSION|NONE PRODUCT|VIEW_PRODUCT|REVISIT_ONCE PRODUCT|CHECK_PRICE|DWELL_SHORT PRODUCT|VIEW_PRODUCT|REVISIT_ONCE
53dcd662-a518-4953-9af3-02e6078e7e06,-1,0.0,-0.10968037,0.14513108,28,29,[CLS] PRODUCT|START_SESSION|NONE PRODUCT|CHECK_SIZE|SCROLL_LOW PRODUCT|CHECK_PRICE|SCROLL_LOW PRODUCT|CHECK_SHIPPING|NONE PRODUCT|CHECK_SIZE|SCROLL_LOW PRODUCT|SIZE_CHECK_EPISODE|STRONG PRODUCT|SCROLL_PRODUCT|SCROLL_LOW PRODUCT|VIEW_PRODUCT|REVISIT_ONCE PRODUCT|SCROLL_PRODUCT|SCROLL_LOW PRODUCT|CHECK_PRICE|DWELL_MEDIUM PRODUCT|PRICE_REVIEW_EPISODE|STRONG PRODUCT|CHECK_SIZE|SCROLL_LOW PRODUCT|CHECK_SIZE|SCROLL_MID PRODUCT|CHECK_SIZE|SCROLL_LOW PRODUCT|CHECK_PRICE|SCROLL_LOW PRODUCT|CHECK_SIZE|SCROLL_LOW PRODUCT|CHECK_SIZE|SCROLL_MID PRODUCT|VIEW_PRODUCT|REVISIT_ONCE PRODUCT|SCROLL_PRODUCT|SCROLL_MID PRODUCT|CHECK_PRICE|DWELL_SHORT PRODUCT|SCROLL_PRODUCT|SCROLL_MID PRODUCT|SCROLL_PRODUCT|SCROLL_LOW PRODUCT|CHECK_SIZE|SCROLL_MID PRODUCT|CHECK_SIZE|SCROLL_HIGH PRODUCT|CHECK_SIZE|SCROLL_MID PRODUCT|CHECK_SIZE|SCROLL_HIGH PRODUCT|TAB_OUT|NONE PRODUCT|EXIT_SESSION|NONE
f52e4746-3e73-4ab3-a172-9a9924cb3fef,-1,0.0,-0.06728669,-0.08344419,6,7,[CLS] PRODUCT|START_SESSION|NONE PRODUCT|VIEW_PRODUCT|REVISIT_ONCE PRODUCT|CHECK_PRICE|DWELL_MEDIUM PRODUCT|SCROLL_PRODUCT|SCROLLED PRODUCT|VIEW_REVIEW|REVISIT_ONCE PRODUCT|EXIT_BOUNCE|NONE
af53d887-88f9-4426-870b-1915d392c697,5,0.753703,-0.33495194,-0.29760465,4,5,[CLS] PRODUCT|START_SESSION|NONE PRODUCT|VIEW_PRODUCT|REVISIT_ONCE PRODUCT|SCROLL_PRODUCT|SCROLLED PRODUCT|CHECK_PRICE|DWELL_SHORT
bdb84ebb-dcf8-4e6f-bb7c-9bf585c4b564,2,1.0,0.69904751,-0.24243662,148,128,[CLS] HOME|SCROLL_HOME|NONE PRODUCT|VIEW_PRODUCT|REVISIT_ONCE PRODUCT|SCROLL_PRODUCT|SCROLL_HIGH HOME|SCROLL_HOME|NONE PRODUCT|VIEW_PRODUCT|REVISIT_ONCE PRODUCT|SCROLL_PRODUCT|SCROLL_HIGH PRODUCT|VIEW_PRODUCT|REVISIT_ONCE PRODUCT|SCROLL_PRODUCT|SCROLL_HIGH PRODUCT|CHECK_SIZE|SCROLL_MID PRODUCT|SIZE_CHECK_EPISODE|STRONG PRODUCT|VIEW_PRODUCT|REVISIT_ONCE HOME|SCROLL_HOME|NONE PRODUCT|VIEW_PRODUCT|REVISIT_ONCE HOME|SCROLL_HOME|NONE PRODUCT|VIEW_PRODUCT|REVISIT_ONCE HOME|SCROLL_HOME|NONE PRODUCT|VIEW_PRODUCT|REVISIT_ONCE PRODUCT|SCROLL_PRODUCT|SCROLL_MID PRODUCT|VIEW_PRODUCT|REVISIT_ONCE PRODUCT|SCROLL_PRODUCT|SCROLL_MID HOME|SCROLL_HOME|NONE PRODUCT|VIEW_PRODUCT|REVISIT_ONCE PRODUCT|CLICK_ELEMENT|NONE PRODUCT|SCROLL_PRODUCT|SCROLL_LOW PRODUCT|VIEW_PRODUCT|REVISIT_ONCE PRODUCT|SCROLL_PRODUCT|SCROLL_LOW PRODUCT|VIEW_PRODUCT|REVISIT_ONCE PRODUCT|SCROLL_PRODUCT|SCROLL_LOW PRODUCT|VIEW_PRODUCT|REVISIT_ONCE PRODUCT|SCROLL_PRODUCT|SCROLL_LOW HOME|HOVER_ELEMENT|NONE HOME|CLICK_ELEMENT|NONE HOME|EXIT_SESSION|NONE CATEGORY|START_SESSION|NONE CATEGORY|VIEW_PRODUCT|REVISIT_ONCE CATEGORY|SCROLL_PRODUCT|SCROLL_LOW CATEGORY|SCROLL_CATEGORY|NONE CATEGORY|VIEW_PRODUCT|REVISIT_ONCE CATEGORY|SCROLL_PRODUCT|SCROLL_LOW CATEGORY|VIEW_PRODUCT|REVISIT_ONCE CATEGORY|SCROLL_PRODUCT|SCROLL_LOW CATEGORY|VIEW_PRODUCT|REVISIT_ONCE CATEGORY|SCROLL_PRODUCT|SCROLL_LOW CATEGORY|VIEW_PRODUCT|REVISIT_ONCE CATEGORY|SCROLL_PRODUCT|SCROLL_LOW CATEGORY|VIEW_PRODUCT|REVISIT_ONCE CATEGORY|SCROLL_CATEGORY|NONE CATEGORY|VIEW_PRODUCT|REVISIT_ONCE CATEGORY|SCROLL_PRODUCT|SCROLL_MID CATEGORY|VIEW_PRODUCT|REVISIT_ONCE CATEGORY|SCROLL_PRODUCT|SCROLL_MID CATEGORY|VIEW_PRODUCT|REVISIT_ONCE CATEGORY|SCROLL_PRODUCT|SCROLL_MID CATEGORY|SCROLL_CATEGORY|NONE CATEGORY|VIEW_PRODUCT|REVISIT_ONCE CATEGORY|SCROLL_PRODUCT|SCROLL_MID CATEGORY|VIEW_PRODUCT|REVISIT_ONCE CATEGORY|SCROLL_PRODUCT|SCROLL_MID CATEGORY|VIEW_PRODUCT|REVISIT_ONCE CATEGORY|SCROLL_PRODUCT|SCROLL_MID CATEGORY|VIEW_PRODUCT|REVISIT_ONCE CATEGORY|SCROLL_CATEGORY|NONE CATEGORY|VIEW_PRODUCT|REVISIT_ONCE CATEGORY|SCROLL_CATEGORY|NONE CATEGORY|VIEW_PRODUCT|REVISIT_ONCE CATEGORY|SCROLL_CATEGORY|NONE CATEGORY|VIEW_PRODUCT|REVISIT_ONCE CATEGORY|SCROLL_PRODUCT|SCROLL_HIGH CATEGORY|SCROLL_PRODUCT|SCROLL_MID CATEGORY|VIEW_PRODUCT|REVISIT_ONCE CATEGORY|SCROLL_CATEGORY|NONE CATEGORY|VIEW_PRODUCT|REVISIT_ONCE CATEGORY|SCROLL_CATEGORY|NONE CATEGORY|VIEW_PRODUCT|REVISIT_ONCE CATEGORY|SCROLL_PRODUCT|SCROLL_MID CATEGORY|SCROLL_CATEGORY|NONE CATEGORY|VIEW_PRODUCT|REVISIT_ONCE CATEGORY|SCROLL_PRODUCT|SCROLL_MID CATEGORY|VIEW_PRODUCT|REVISIT_ONCE CATEGORY|SCROLL_PRODUCT|SCROLL_MID CATEGORY|VIEW_PRODUCT|REVISIT_ONCE CATEGORY|SCROLL_PRODUCT|SCROLL_MID CATEGORY|VIEW_PRODUCT|REVISIT_ONCE CATEGORY|SCROLL_PRODUCT|SCROLL_LOW CATEGORY|VIEW_PRODUCT|REVISIT_ONCE CATEGORY|START_SESSION|NONE CATEGORY|VIEW_PRODUCT|REVISIT_ONCE CATEGORY|SCROLL_PRODUCT|SCROLL_LOW CATEGORY|VIEW_REVIEW|NONE CATEGORY|HOVER_ELEMENT|NONE CATEGORY|VIEW_REVIEW|NONE [UNK] CATEGORY|EXIT_SESSION|NONE CATEGORY|START_SESSION|NONE CATEGORY|VIEW_PRODUCT|REVISIT_ONCE CATEGORY|SCROLL_PRODUCT|SCROLL_LOW CATEGORY|VIEW_PRODUCT|REVISIT_ONCE CATEGORY|SCROLL_PRODUCT|SCROLL_LOW CATEGORY|SCROLL_CATEGORY|NONE CATEGORY|VIEW_PRODUCT|REVISIT_ONCE CATEGORY|SCROLL_PRODUCT|SCROLL_LOW CATEGORY|VIEW_PRODUCT|REVISIT_ONCE CATEGORY|SCROLL_PRODUCT|SCROLL_LOW CATEGORY|VIEW_PRODUCT|REVISIT_ONCE CATEGORY|SCROLL_PRODUCT|SCROLL_LOW CATEGORY|VIEW_PRODUCT|REVISIT_ONCE CATEGORY|SCROLL_PRODUCT|SCROLL_MID CATEGORY|VIEW_PRODUCT|REVISIT_ONCE CATEGORY|SCROLL_PRODUCT|SCROLL_MID CATEGORY|VIEW_PRODUCT|REVISIT_ONCE CATEGORY|SCROLL_PRODUCT|SCROLL_MID CATEGORY|VIEW_PRODUCT|REVISIT_ONCE CATEGORY|SCROLL_PRODUCT|SCROLL_MID CATEGORY|VIEW_PRODUCT|REVISIT_ONCE CATEGORY|SCROLL_PRODUCT|SCROLL_MID CATEGORY|SCROLL_CATEGORY|NONE CATEGORY|VIEW_PRODUCT|REVISIT_ONCE CATEGORY|SCROLL_CATEGORY|NONE CATEGORY|VIEW_PRODUCT|REVISIT_ONCE CATEGORY|EXIT_SESSION|NONE CATEGORY|START_SESSION|NONE CATEGORY|EXIT_BOUNCE|NONE CATEGORY|START_SESSION|NONE CATEGORY|EXIT_BOUNCE|NONE HOME|START_SESSION|NONE HOME|TAB_OUT|NONE HOME|EXIT_BOUNCE|NONE
d639757f-be5a-4501-b376-6d550a764ea4,4,0.709341,-0.03523402,0.34026024,6,7,[CLS] PRODUCT|START_SESSION|NONE PRODUCT|INACTIVE|NONE PRODUCT|VIEW_REVIEW|REVISIT_ONCE PRODUCT|INACTIVE|NONE PRODUCT|VIEW_REVIEW|REVISIT_ONCE PRODUCT|REVIEW_EXPLORATION_EPISODE|STRONG
4fbe5676-169e-4c2e-815f-6661fe58854e,6,0.720201,-0.18271533,0.15642364,6,7,[CLS] PRODUCT|START_SESSION|NONE PRODUCT|CHECK_PRICE|DWELL_SHORT PRODUCT|VIEW_PRODUCT|REVISIT_ONCE PRODUCT|CHECK_PRICE|DWELL_MEDIUM PRODUCT|PRICE_REVIEW_EPISODE|STRONG PRODUCT|SCROLL_PRODUCT|SCROLLED
bb4baecf-4c2d-464d-87fa-a1a6e4a37373,-1,0.0,-0.22234051,-0.22187069,4,5,[CLS] PRODUCT|START_SESSION|NONE PRODUCT|VIEW_PRODUCT|REVISIT_ONCE PRODUCT|SCROLL_PRODUCT|SCROLLED PRODUCT|CHECK_PRICE|DWELL_MEDIUM
50edf733-c0c8-447f-8061-60a22676b7e4,4,0.709341,-0.03523402,0.34026024,6,7,[CLS] PRODUCT|START_SESSION|NONE PRODUCT|INACTIVE|NONE PRODUCT|VIEW_REVIEW|REVISIT_ONCE PRODUCT|INACTIVE|NONE PRODUCT|VIEW_REVIEW|REVISIT_ONCE PRODUCT|REVIEW_EXPLORATION_EPISODE|STRONG
d43e5962-6aa2-4f27-8773-6b5d227e6c08,-1,0.0,0.16883799,0.41225806,8,9,[CLS] PRODUCT|START_SESSION|NONE PRODUCT|VIEW_REVIEW|REVISIT_ONCE PRODUCT|SCROLL_REVIEW|SCROLL_LOW PRODUCT|SCROLL_REVIEW|SCROLL_MID PRODUCT|SCROLL_REVIEW|SCROLL_HIGH PRODUCT|CHECK_PRICE|DWELL_MEDIUM PRODUCT|INACTIVE|NONE PRODUCT|EXIT_BOUNCE|NONE
8ae38fed-8942-4d48-bcd3-80a16e2336f4,4,0.709341,-0.03523402,0.34026024,6,7,[CLS] PRODUCT|START_SESSION|NONE PRODUCT|INACTIVE|NONE PRODUCT|VIEW_REVIEW|REVISIT_ONCE PRODUCT|INACTIVE|NONE PRODUCT|VIEW_REVIEW|REVISIT_ONCE PRODUCT|REVIEW_EXPLORATION_EPISODE|STRONG
b31dab57-0718-4c3c-b4b0-9866e8a2bc00,-1,0.0,-0.05598737,-0.32233498,12,13,[CLS] PRODUCT|START_SESSION|NONE PRODUCT|VIEW_PRODUCT|REVISIT_ONCE PRODUCT|CHECK_PRICE|DWELL_SHORT PRODUCT|VIEW_PRODUCT|REVISIT_ONCE PRODUCT|VIEW_REVIEW|REVISIT_ONCE PRODUCT|SCROLL_REVIEW|SCROLL_LOW PRODUCT|SCROLL_REVIEW|SCROLL_MID PRODUCT|SCROLL_REVIEW|SCROLL_HIGH PRODUCT|CHECK_PRICE|DWELL_MEDIUM PRODUCT|PRICE_REVIEW_EPISODE|STRONG PRODUCT|INACTIVE|NONE PRODUCT|EXIT_BOUNCE|NONE
6c8a1429-ed30-4f70-9b6f-c2fcbbdcd9e0,-1,0.0,-0.071152,0.00701465,17,18,[CLS] PRODUCT|START_SESSION|NONE PRODUCT|VIEW_PRODUCT|REVISIT_ONCE PRODUCT|SCROLL_PRODUCT|SCROLL_LOW PRODUCT|CHECK_PRICE|SCROLL_LOW PRODUCT|SCROLL_REVIEW|SCROLL_LOW PRODUCT|SCROLL_PRODUCT|SCROLL_MID PRODUCT|SCROLL_PRODUCT|SCROLL_LOW PRODUCT|CHECK_PRICE|DWELL_SHORT PRODUCT|PRICE_REVIEW_EPISODE|STRONG PRODUCT|CHECK_SIZE|SCROLL_LOW PRODUCT|CHECK_SIZE|SCROLL_MID PRODUCT|SIZE_CHECK_EPISODE|STRONG PRODUCT|SCROLL_PRODUCT|SCROLLED PRODUCT|INACTIVE|NONE PRODUCT|SCROLL_PRODUCT|SCROLL_HIGH PRODUCT|DISTRACTED_EPISODE|REPEAT PRODUCT|EXIT_SESSION|NONE
bff47eb2-b66a-47dc-a54d-ac7ecdea5a55,-1,0.0,-0.00123857,-0.02215948,11,12,[CLS] PRODUCT|START_SESSION|NONE PRODUCT|CHECK_PRICE|DWELL_SHORT PRODUCT|VIEW_PRODUCT|REVISIT_ONCE PRODUCT|VIEW_REVIEW|REVISIT_ONCE PRODUCT|SCROLL_REVIEW|SCROLL_LOW PRODUCT|SCROLL_REVIEW|SCROLL_MID PRODUCT|SCROLL_REVIEW|SCROLL_HIGH PRODUCT|CHECK_PRICE|DWELL_MEDIUM PRODUCT|PRICE_REVIEW_EPISODE|STRONG PRODUCT|INACTIVE|NONE PRODUCT|EXIT_BOUNCE|NONE
c27fa6ee-1bbe-4695-ac16-0d90915683b2,4,1.0,0.04079439,0.61573631,4,5,[CLS] PRODUCT|START_SESSION|NONE PRODUCT|VIEW_REVIEW|REVISIT_ONCE PRODUCT|CHECK_PRICE|DWELL_MEDIUM PRODUCT|SCROLL_PRODUCT|SCROLLED
1241d499-7b87-4075-a802-712139cf95e8,4,0.884743,-0.15067087,0.52436328,5,6,[CLS] PRODUCT|START_SESSION|NONE PRODUCT|VIEW_REVIEW|REVISIT_ONCE PRODUCT|VIEW_REVIEW|DWELL_MEDIUM PRODUCT|REVIEW_EXPLORATION_EPISODE|STRONG PRODUCT|CHECK_PRICE|DWELL_SHORT
fcdc7c0f-f21f-492d-a44f-c34bd10c9f07,-1,0.0,-0.30439794,0.17925893,5,6,[CLS] PRODUCT|START_SESSION|NONE PRODUCT|VIEW_REVIEW|DWELL_MEDIUM PRODUCT|VIEW_REVIEW|REVISIT_ONCE PRODUCT|REVIEW_EXPLORATION_EPISODE|STRONG PRODUCT|CHECK_PRICE|DWELL_SHORT
3405a723-eb1c-4453-b47d-dee802eb49ca,1,0.559322,-0.36086115,-0.61318523,7,8,[CLS] PRODUCT|START_SESSION|NONE PRODUCT|INACTIVE|NONE PRODUCT|CHECK_PRICE|SCROLL_LOW PRODUCT|CHECK_PRICE|SCROLL_MID PRODUCT|PRICE_REVIEW_EPISODE|STRONG PRODUCT|CHECK_PRICE|SCROLL_HIGH PRODUCT|CHECK_PRICE|DWELL_LONG
9e83342e-74ba-40af-bb56-dd7e3bd55f31,5,0.509579,-0.22416919,-0.13041353,4,5,[CLS] PRODUCT|START_SESSION|NONE PRODUCT|VIEW_PRODUCT|REVISIT_ONCE PRODUCT|CHECK_PRICE|DWELL_MEDIUM PRODUCT|SCROLL_PRODUCT|SCROLLED
951397cf-7c24-4c99-b542-872fc21fd459,1,0.524905,-0.17166989,-0.68166041,10,11,[CLS] PRODUCT|START_SESSION|NONE PRODUCT|VIEW_PRODUCT|REVISIT_ONCE PRODUCT|CHECK_PRICE|DWELL_SHORT PRODUCT|CHECK_PRICE|SCROLL_LOW PRODUCT|PRICE_REVIEW_EPISODE|STRONG PRODUCT|CHECK_PRICE|SCROLL_MID PRODUCT|CHECK_PRICE|SCROLL_HIGH PRODUCT|CHECK_PRICE|DWELL_MEDIUM PRODUCT|INACTIVE|NONE PRODUCT|EXIT_BOUNCE|NONE
b4145dbe-5867-4e96-b46d-ad5a947ea7ad,1,1.0,-0.46038866,-0.52364045,6,7,[CLS] PRODUCT|START_SESSION|NONE PRODUCT|CHECK_PRICE|SCROLL_LOW PRODUCT|CHECK_PRICE|SCROLL_MID PRODUCT|PRICE_REVIEW_EPISODE|STRONG PRODUCT|CHECK_PRICE|SCROLL_HIGH PRODUCT|VIEW_PRODUCT|REVISIT_ONCE
09cbf5d9-983f-4b24-954f-80ae9355b29a,-1,0.0,-0.12737004,-0.0846623,7,8,[CLS] PRODUCT|START_SESSION|NONE PRODUCT|VIEW_PRODUCT|REVISIT_ONCE PRODUCT|CHECK_PRICE|DWELL_SHORT PRODUCT|SCROLL_PRODUCT|SCROLLED PRODUCT|VIEW_PRODUCT|REVISIT_ONCE PRODUCT|VIEW_REVIEW|REVISIT_ONCE PRODUCT|EXIT_BOUNCE|NONE
84145d2c-0787-4606-875f-763d5b16afaf,2,0.83852,0.56602353,-0.19733618,518,128,[CLS] CATEGORY|VIEW_PRODUCT|REVISIT_ONCE CATEGORY|SCROLL_PRODUCT|SCROLL_LOW CATEGORY|SCROLL_CATEGORY|NONE CATEGORY|VIEW_PRODUCT|REVISIT_ONCE CATEGORY|SCROLL_PRODUCT|SCROLL_LOW CATEGORY|VIEW_PRODUCT|REVISIT_ONCE CATEGORY|SCROLL_PRODUCT|SCROLL_MID CATEGORY|VIEW_PRODUCT|REVISIT_ONCE CATEGORY|SCROLL_PRODUCT|SCROLL_MID CATEGORY|VIEW_PRODUCT|REVISIT_ONCE CATEGORY|SCROLL_PRODUCT|SCROLL_MID CATEGORY|VIEW_PRODUCT|REVISIT_ONCE CATEGORY|SCROLL_PRODUCT|SCROLL_MID CATEGORY|VIEW_PRODUCT|REVISIT_ONCE CATEGORY|SCROLL_PRODUCT|SCROLL_MID CATEGORY|VIEW_PRODUCT|REVISIT_ONCE CATEGORY|SCROLL_PRODUCT|SCROLL_MID CATEGORY|VIEW_PRODUCT|REVISIT_ONCE CATEGORY|SCROLL_CATEGORY|NONE CATEGORY|VIEW_PRODUCT|REVISIT_ONCE CATEGORY|INACTIVE|NONE CATEGORY|VIEW_PRODUCT|REVISIT_ONCE CATEGORY|SCROLL_PRODUCT|SCROLL_MID CATEGORY|VIEW_PRODUCT|REVISIT_ONCE CATEGORY|SCROLL_PRODUCT|SCROLL_MID CATEGORY|VIEW_PRODUCT|REVISIT_ONCE CATEGORY|SCROLL_PRODUCT|SCROLL_MID CATEGORY|VIEW_PRODUCT|REVISIT_ONCE CATEGORY|SCROLL_PRODUCT|SCROLL_HIGH CATEGORY|VIEW_PRODUCT|REVISIT_ONCE CATEGORY|SCROLL_PRODUCT|SCROLL_HIGH CATEGORY|SCROLL_CATEGORY|NONE CATEGORY|START_SESSION|NONE CATEGORY|VIEW_PRODUCT|REVISIT_ONCE CATEGORY|SCROLL_PRODUCT|SCROLL_LOW CATEGORY|SCROLL_CATEGORY|NONE CATEGORY|VIEW_PRODUCT|REVISIT_ONCE CATEGORY|SCROLL_PRODUCT|SCROLL_LOW CATEGORY|VIEW_PRODUCT|REVISIT_ONCE CATEGORY|SCROLL_PRODUCT|SCROLL_LOW CATEGORY|VIEW_PRODUCT|REVISIT_ONCE CATEGORY|SCROLL_PRODUCT|SCROLL_LOW CATEGORY|VIEW_PRODUCT|REVISIT_ONCE CATEGORY|SCROLL_PRODUCT|SCROLL_MID CATEGORY|VIEW_PRODUCT|REVISIT_ONCE CATEGORY|SCROLL_PRODUCT|SCROLL_MID CATEGORY|VIEW_PRODUCT|REVISIT_ONCE CATEGORY|SCROLL_PRODUCT|SCROLL_MID CATEGORY|VIEW_PRODUCT|REVISIT_ONCE CATEGORY|SCROLL_PRODUCT|SCROLL_MID CATEGORY|VIEW_PRODUCT|REVISIT_ONCE CATEGORY|SCROLL_PRODUCT|SCROLL_MID CATEGORY|VIEW_PRODUCT|REVISIT_ONCE CATEGORY|SCROLL_PRODUCT|SCROLL_MID CATEGORY|VIEW_PRODUCT|REVISIT_ONCE CATEGORY|SCROLL_PRODUCT|SCROLL_MID CATEGORY|VIEW_PRODUCT|REVISIT_ONCE CATEGORY|SCROLL_PRODUCT|SCROLL_MID CATEGORY|VIEW_PRODUCT|REVISIT_ONCE CATEGORY|START_SESSION|NONE CATEGORY|VIEW_PRODUCT|REVISIT_ONCE CATEGORY|SCROLL_PRODUCT|SCROLL_LOW CATEGORY|VIEW_PRODUCT|REVISIT_ONCE CATEGORY|SCROLL_PRODUCT|SCROLL_LOW CATEGORY|SCROLL_CATEGORY|NONE CATEGORY|VIEW_PRODUCT|REVISIT_ONCE CATEGORY|SCROLL_PRODUCT|SCROLL_LOW CATEGORY|VIEW_PRODUCT|REVISIT_ONCE CATEGORY|SCROLL_PRODUCT|SCROLL_LOW CATEGORY|VIEW_PRODUCT|REVISIT_ONCE CATEGORY|SCROLL_PRODUCT|SCROLL_MID CATEGORY|VIEW_PRODUCT|REVISIT_ONCE CATEGORY|SCROLL_PRODUCT|SCROLL_MID CATEGORY|VIEW_PRODUCT|REVISIT_ONCE CATEGORY|SCROLL_PRODUCT|SCROLL_MID CATEGORY|CLICK_ELEMENT|NONE CATEGORY|VIEW_PRODUCT|NONE CATEGORY|EXIT_SESSION|NONE PRODUCT|START_SESSION|NONE PRODUCT|CHECK_PRICE|DWELL_SHORT PRODUCT|VIEW_PRODUCT|REVISIT_ONCE PRODUCT|CHECK_PRICE|SCROLL_LOW PRODUCT|PRICE_REVIEW_EPISODE|STRONG PRODUCT|CHECK_SIZE|SCROLL_LOW PRODUCT|CHECK_SIZE|SCROLL_MID PRODUCT|SIZE_CHECK_EPISODE|STRONG PRODUCT|CHECK_PRICE|DWELL_SHORT PRODUCT|CHECK_SIZE|SCROLL_MID PRODUCT|SCROLL_PRODUCT|SCROLL_MID PRODUCT|SCROLL_PRODUCT|SCROLL_HIGH PRODUCT|VIEW_PRODUCT|REVISIT_ONCE PRODUCT|SCROLL_PRODUCT|SCROLL_HIGH PRODUCT|VIEW_PRODUCT|REVISIT_ONCE PRODUCT|SCROLL_PRODUCT|SCROLLED PRODUCT|VIEW_PRODUCT|REVISIT_ONCE PRODUCT|SCROLL_PRODUCT|SCROLL_HIGH PRODUCT|VIEW_PRODUCT|REVISIT_ONCE PRODUCT|SCROLL_PRODUCT|SCROLL_HIGH PRODUCT|VIEW_PRODUCT|REVISIT_ONCE PRODUCT|SCROLL_PRODUCT|SCROLL_HIGH PRODUCT|CLICK_ELEMENT|NONE PRODUCT|VIEW_PRODUCT|NONE PRODUCT|EXIT_SESSION|NONE PRODUCT|START_SESSION|NONE PRODUCT|CHECK_PRICE|DWELL_SHORT PRODUCT|VIEW_PRODUCT|REVISIT_ONCE PRODUCT|CHECK_PRICE|SCROLL_LOW PRODUCT|PRICE_REVIEW_EPISODE|STRONG PRODUCT|CHECK_SHIPPING|NONE PRODUCT|CHECK_SIZE|SCROLL_LOW PRODUCT|SCROLL_PRODUCT|SCROLL_LOW PRODUCT|CHECK_PRICE|DWELL_SHORT PRODUCT|CHECK_SIZE|SCROLL_LOW PRODUCT|SIZE_CHECK_EPISODE|STRONG PRODUCT|SCROLL_PRODUCT|SCROLL_MID PRODUCT|VIEW_PRODUCT|REVISIT_ONCE PRODUCT|SCROLL_PRODUCT|SCROLL_LOW PRODUCT|CHECK_PRICE|DWELL_MEDIUM PRODUCT|SCROLL_PRODUCT|SCROLL_MID PRODUCT|VIEW_PRODUCT|REVISIT_ONCE PRODUCT|SCROLL_PRODUCT|SCROLL_LOW PRODUCT|CHECK_SIZE|SCROLL_LOW PRODUCT|CHECK_PRICE|DWELL_SHORT PRODUCT|CHECK_SIZE|SCROLL_LOW PRODUCT|CHECK_SIZE|SCROLL_MID PRODUCT|CHECK_SIZE|SCROLL_HIGH PRODUCT|CHECK_SIZE|SCROLL_MID
d0840c8b-2d9d-4e21-9d64-571fe7087ad3,4,0.695519,-0.21314545,0.43925571,5,6,[CLS] PRODUCT|START_SESSION|NONE PRODUCT|VIEW_REVIEW|REVISIT_ONCE PRODUCT|VIEW_REVIEW|DWELL_MEDIUM PRODUCT|REVIEW_EXPLORATION_EPISODE|STRONG PRODUCT|VIEW_PRODUCT|REVISIT_ONCE
eee33651-5b00-454e-a63b-63bd961dd3ef,-1,0.0,-0.22251539,0.0731272,4,5,[CLS] PRODUCT|START_SESSION|NONE PRODUCT|VIEW_REVIEW|REVISIT_ONCE PRODUCT|CHECK_PRICE|DWELL_SHORT PRODUCT|VIEW_PRODUCT|REVISIT_ONCE
8845ca88-4f74-4d9e-be3e-882fcd048af2,-1,0.0,-0.17333996,-0.01849198,12,13,[CLS] HOME|START_SESSION|NONE PRODUCT|VIEW_PRODUCT|REVISIT_ONCE PRODUCT|SCROLL_PRODUCT|SCROLL_MID PRODUCT|SCROLL_PRODUCT|SCROLL_LOW PRODUCT|VIEW_PRODUCT|REVISIT_ONCE PRODUCT|SCROLL_PRODUCT|SCROLL_MID HOME|SCROLL_HOME|NONE PRODUCT|VIEW_PRODUCT|REVISIT_ONCE PRODUCT|CHECK_SIZE|SCROLL_HIGH PRODUCT|VIEW_PRODUCT|REVISIT_ONCE PRODUCT|SCROLL_PRODUCT|SCROLL_HIGH HOME|SCROLL_HOME|NONE
d1db9fcf-9579-4fc5-a4a8-8bf170196c04,4,0.738906,0.07300229,0.48103526,4,5,[CLS] PRODUCT|START_SESSION|NONE PRODUCT|VIEW_REVIEW|REVISIT_ONCE PRODUCT|VIEW_REVIEW|DWELL_SHORT PRODUCT|REVIEW_EXPLORATION_EPISODE|STRONG
006a8525-05dc-45a6-9918-a2778dee5e3f,-1,0.0,0.03806326,0.07910236,7,8,[CLS] PRODUCT|START_SESSION|NONE PRODUCT|VIEW_REVIEW|REVISIT_ONCE PRODUCT|VIEW_REVIEW|DWELL_SHORT PRODUCT|REVIEW_EXPLORATION_EPISODE|STRONG PRODUCT|SCROLL_PRODUCT|SCROLLED PRODUCT|VIEW_PRODUCT|REVISIT_ONCE PRODUCT|CHECK_PRICE|DWELL_SHORT
3cdd19bb-3aba-438a-a327-02f909d69371,-1,0.0,0.39570245,0.00448861,12,13,[CLS] HOME|START_SESSION|NONE HOME|TAB_OUT|NONE HOME|TAB_RETURN|NONE HOME|EXIT_BOUNCE|NONE HOME|TAB_OUT|NONE HOME|START_SESSION|NONE HOME|EXIT_BOUNCE|NONE HOME|TAB_RETURN|NONE HOME|SCROLL_HOME|NONE HOME|TAB_OUT|NONE HOME|INACTIVE|NONE HOME|EXIT_SESSION|NONE
e7043a39-58cd-4597-b553-13a8fd1974fd,5,0.500941,-0.30965692,0.02100034,5,6,[CLS] PRODUCT|START_SESSION|NONE PRODUCT|VIEW_PRODUCT|REVISIT_ONCE PRODUCT|CHECK_PRICE|DWELL_SHORT PRODUCT|SCROLL_PRODUCT|SCROLLED PRODUCT|SCROLL_REVIEW|SCROLL_HIGH
43ee876b-e91e-440e-98fa-c1e90e31f01e,1,1.0,-0.46038866,-0.52364045,6,7,[CLS] PRODUCT|START_SESSION|NONE PRODUCT|CHECK_PRICE|SCROLL_LOW PRODUCT|CHECK_PRICE|SCROLL_MID PRODUCT|PRICE_REVIEW_EPISODE|STRONG PRODUCT|CHECK_PRICE|SCROLL_HIGH PRODUCT|VIEW_PRODUCT|REVISIT_ONCE
156113e9-2e16-48f9-b91f-55475a68d19c,-1,0.0,-0.05211085,-0.13103734,8,9,[CLS] HOME|TAB_RETURN|NONE HOME|START_SESSION|NONE HOME|SCROLL_HOME|NONE PRODUCT|VIEW_PRODUCT|REVISIT_ONCE PRODUCT|SCROLL_PRODUCT|SCROLL_LOW PRODUCT|VIEW_PRODUCT|REVISIT_ONCE HOME|EXIT_BOUNCE|NONE HOME|START_SESSION|NONE
c1a0a810-2348-47f9-86c2-6cff0f58ebeb,-1,0.0,-0.00327698,0.43965971,3,4,[CLS] HOME|START_SESSION|NONE HOME|SCROLL_HOME|NONE PRODUCT|SCROLL_PRODUCT|SCROLL_LOW
49a26c56-ef39-4406-bd0f-eb661c24169d,-1,0.0,0.14752604,-0.03502363,29,30,[CLS] PRODUCT|START_SESSION|NONE PRODUCT|VIEW_PRODUCT|REVISIT_ONCE PRODUCT|SCROLL_PRODUCT|SCROLL_LOW PRODUCT|CHECK_PRICE|SCROLL_LOW PRODUCT|CHECK_SIZE|SCROLL_LOW PRODUCT|START_INPUT|NONE PRODUCT|CLICK_ELEMENT|NONE PRODUCT|EDIT_INPUT|NONE PRODUCT|CHECK_SIZE|NONE PRODUCT|SIZE_CHECK_EPISODE|STRONG PRODUCT|SCROLL_PRODUCT|SCROLL_LOW PRODUCT|VIEW_PRODUCT|REVISIT_ONCE PRODUCT|CHECK_SIZE|SCROLL_LOW PRODUCT|CHECK_PRICE|DWELL_MEDIUM PRODUCT|PRICE_REVIEW_EPISODE|STRONG PRODUCT|CHECK_SIZE|SCROLL_LOW PRODUCT|EDIT_INPUT|NONE PRODUCT|CHECK_SIZE|SCROLL_LOW PRODUCT|VIEW_PRODUCT|REVISIT_ONCE PRODUCT|SCROLL_PRODUCT|SCROLL_LOW PRODUCT|CHECK_PRICE|SCROLL_LOW PRODUCT|CHECK_SIZE|SCROLL_LOW PRODUCT|CHECK_SIZE|SCROLL_MID PRODUCT|CHECK_SIZE|SCROLL_LOW PRODUCT|CHECK_PRICE|DWELL_SHORT PRODUCT|CHECK_SIZE|SCROLL_MID PRODUCT|VIEW_PRODUCT|REVISIT_ONCE PRODUCT|SCROLL_PRODUCT|SCROLLED PRODUCT|EXIT_SESSION|NONE
4f09ff35-9df3-42b5-ad80-8cd6b6197908,-1,0.0,0.32155973,0.12591898,46,47,[CLS] PRODUCT|START_SESSION|NONE PRODUCT|VIEW_REVIEW|REVISIT_ONCE PRODUCT|CHECK_PRICE|SCROLL_LOW PRODUCT|VIEW_PRODUCT|REVISIT_ONCE PRODUCT|CHECK_SHIPPING|DWELL_SHORT PRODUCT|SCROLL_PRODUCT|SCROLL_LOW PRODUCT|CHECK_PRICE|DWELL_SHORT PRODUCT|PRICE_REVIEW_EPISODE|STRONG PRODUCT|SCROLL_PRODUCT|SCROLL_LOW PRODUCT|VIEW_PRODUCT|REVISIT_ONCE PRODUCT|ZOOM_IMAGE|NONE PRODUCT|HOVER_ELEMENT|NONE PRODUCT|SCROLL_PRODUCT|SCROLL_LOW PRODUCT|ZOOM_IMAGE|NONE PRODUCT|HOVER_ELEMENT|NONE PRODUCT|SCROLL_PRODUCT|SCROLL_LOW PRODUCT|HOVER_ELEMENT|NONE PRODUCT|SCROLL_PRODUCT|SCROLL_LOW PRODUCT|VIEW_REVIEW|REVISIT_ONCE PRODUCT|REVIEW_EXPLORATION_EPISODE|STRONG PRODUCT|SCROLL_REVIEW|SCROLL_LOW PRODUCT|VIEW_REVIEW|DWELL_SHORT PRODUCT|VIEW_PRODUCT|REVISIT_ONCE PRODUCT|SCROLL_PRODUCT|SCROLL_LOW PRODUCT|CHECK_PRICE|DWELL_SHORT PRODUCT|VIEW_REVIEW|DWELL_SHORT PRODUCT|HOVER_ELEMENT|NONE PRODUCT|CHECK_SHIPPING|DWELL_SHORT PRODUCT|SHIPPING_CHECK_EPISODE|STRONG PRODUCT|START_INPUT|NONE PRODUCT|CLICK_ELEMENT|NONE PRODUCT|EDIT_INPUT|NONE PRODUCT|CHECK_SIZE|NONE PRODUCT|CLICK_ELEMENT|NONE PRODUCT|HOVER_ELEMENT|NONE PRODUCT|VIEW_PRODUCT|REVISIT_ONCE PRODUCT|VIEW_REVIEW|REVISIT_ONCE PRODUCT|VIEW_REVIEW|DWELL_SHORT PRODUCT|VIEW_PRODUCT|REVISIT_ONCE PRODUCT|CHECK_PRICE|DWELL_SHORT PRODUCT|HOVER_ELEMENT|NONE PRODUCT|VIEW_PRODUCT|REVISIT_ONCE PRODUCT|CHECK_SIZE|HOVER_SHORT PRODUCT|SIZE_CHECK_EPISODE|STRONG PRODUCT|VIEW_REVIEW|REVISIT_ONCE PRODUCT|EXIT_SESSION|NONE
cda8d0ba-64bc-4868-b226-80451c067733,4,0.695519,-0.21314545,0.43925571,5,6,[CLS] PRODUCT|START_SESSION|NONE PRODUCT|VIEW_REVIEW|REVISIT_ONCE PRODUCT|VIEW_REVIEW|DWELL_MEDIUM PRODUCT|REVIEW_EXPLORATION_EPISODE|STRONG PRODUCT|VIEW_PRODUCT|REVISIT_ONCE
af51560a-249b-4abe-91c4-50de7243554b,1,0.529349,-0.29189557,-0.41300645,11,12,[CLS] PRODUCT|START_SESSION|NONE PRODUCT|CHECK_PRICE|SCROLL_LOW PRODUCT|CHECK_PRICE|SCROLL_MID PRODUCT|PRICE_REVIEW_EPISODE|STRONG PRODUCT|CHECK_PRICE|SCROLL_HIGH PRODUCT|VIEW_PRODUCT|REVISIT_ONCE PRODUCT|CHECK_PRICE|DWELL_MEDIUM PRODUCT|SCROLL_PRODUCT|SCROLL_MID PRODUCT|VIEW_PRODUCT|REVISIT_ONCE PRODUCT|VIEW_REVIEW|REVISIT_ONCE PRODUCT|EXIT_BOUNCE|NONE
d596635a-9b04-4fd5-acdd-9e67f4f6d24a,-1,0.0,0.23135555,-0.32596651,3,4,[CLS] CATEGORY|START_SESSION|NONE CATEGORY|INACTIVE|NONE CATEGORY|EXIT_BOUNCE|NONE
34271144-5318-4e1a-abb0-70b39eefd2fd,-1,0.0,-0.05327271,-0.34107456,5,6,[CLS] HOME|START_SESSION|NONE PRODUCT|VIEW_PRODUCT|REVISIT_ONCE PRODUCT|START_INPUT|NONE PRODUCT|TAB_OUT|NONE PRODUCT|EXIT_BOUNCE|NONE
93e69306-4957-4079-a791-8460c4ef3096,6,0.759688,-0.11904203,0.27226454,3,4,[CLS] PRODUCT|START_SESSION|NONE PRODUCT|SCROLL_PRODUCT|SCROLLED PRODUCT|VIEW_PRODUCT|REVISIT_ONCE
b677ec20-1507-4c71-8e42-331f49edf9ae,5,0.514009,-0.36642545,-0.31038749,4,5,[CLS] PRODUCT|START_SESSION|NONE PRODUCT|VIEW_PRODUCT|REVISIT_ONCE PRODUCT|CHECK_PRICE|DWELL_SHORT PRODUCT|VIEW_PRODUCT|REVISIT_ONCE
81f57f1c-2d6e-41d3-80cf-98a6173ad926,3,1.0,0.1167153,0.59247112,245,128,[CLS] PRODUCT|HOVER_ELEMENT|NONE PRODUCT|SCROLL_PRODUCT|SCROLL_MID PRODUCT|HOVER_ELEMENT|NONE PRODUCT|SCROLL_PRODUCT|SCROLL_MID PRODUCT|SCROLL_PRODUCT|SCROLL_HIGH PRODUCT|VIEW_PRODUCT|REVISIT_ONCE PRODUCT|SCROLL_PRODUCT|SCROLL_HIGH PRODUCT|VIEW_PRODUCT|REVISIT_ONCE PRODUCT|VIEW_REVIEW|REVISIT_ONCE PRODUCT|REVIEW_EXPLORATION_EPISODE|STRONG PRODUCT|SCROLL_REVIEW|SCROLL_HIGH PRODUCT|VIEW_REVIEW|DWELL_SHORT PRODUCT|VIEW_REVIEW|REVISIT_ONCE PRODUCT|SCROLL_REVIEW|SCROLL_HIGH PRODUCT|VIEW_REVIEW|DWELL_SHORT PRODUCT|SCROLL_PRODUCT|SCROLL_HIGH PRODUCT|VIEW_PRODUCT|REVISIT_ONCE PRODUCT|VIEW_SECTION|NONE PRODUCT|SCROLL_REVIEW|SCROLL_HIGH PRODUCT|SCROLL_PRODUCT|SCROLL_HIGH PRODUCT|CHECK_SHIPPING|DWELL_SHORT PRODUCT|SHIPPING_CHECK_EPISODE|STRONG PRODUCT|VIEW_REVIEW|DWELL_SHORT PRODUCT|EXIT_SESSION|NONE HOME|TAB_RETURN|NONE HOME|HOVER_ELEMENT|NONE PRODUCT|VIEW_PRODUCT|REVISIT_ONCE PRODUCT|HOVER_ELEMENT|NONE PRODUCT|TAB_OUT|NONE PRODUCT|START_SESSION|NONE PRODUCT|HOVER_ELEMENT|NONE PRODUCT|START_SESSION|NONE PRODUCT|SCROLL_REVIEW|SCROLL_LOW PRODUCT|VIEW_PRODUCT|REVISIT_ONCE PRODUCT|SCROLL_PRODUCT|SCROLL_LOW PRODUCT|HOVER_ELEMENT|NONE PRODUCT|VIEW_PRODUCT|REVISIT_ONCE PRODUCT|SCROLL_PRODUCT|SCROLL_LOW PRODUCT|CHECK_PRICE|DWELL_SHORT PRODUCT|SCROLL_PRODUCT|SCROLL_LOW PRODUCT|ZOOM_IMAGE|NONE PRODUCT|HOVER_ELEMENT|NONE PRODUCT|ZOOM_IMAGE|NONE PRODUCT|SCROLL_PRODUCT|SCROLL_LOW PRODUCT|ZOOM_IMAGE|NONE PRODUCT|HOVER_ELEMENT|NONE PRODUCT|SCROLL_PRODUCT|SCROLL_LOW PRODUCT|ZOOM_IMAGE|NONE PRODUCT|SCROLL_PRODUCT|SCROLL_LOW PRODUCT|ZOOM_IMAGE|NONE PRODUCT|HOVER_ELEMENT|NONE PRODUCT|SCROLL_PRODUCT|SCROLL_LOW PRODUCT|ZOOM_IMAGE|NONE PRODUCT|SCROLL_PRODUCT|SCROLL_MID PRODUCT|ZOOM_IMAGE|NONE PRODUCT|HOVER_ELEMENT|NONE PRODUCT|ZOOM_IMAGE|NONE PRODUCT|SCROLL_PRODUCT|SCROLL_MID PRODUCT|ZOOM_IMAGE|NONE PRODUCT|SCROLL_PRODUCT|SCROLL_MID PRODUCT|ZOOM_IMAGE|NONE PRODUCT|HOVER_ELEMENT|NONE PRODUCT|SCROLL_PRODUCT|SCROLL_MID PRODUCT|ZOOM_IMAGE|NONE PRODUCT|SCROLL_PRODUCT|SCROLL_MID PRODUCT|ZOOM_IMAGE|NONE PRODUCT|SCROLL_PRODUCT|SCROLL_MID PRODUCT|ZOOM_IMAGE|NONE PRODUCT|HOVER_ELEMENT|NONE PRODUCT|ZOOM_IMAGE|NONE PRODUCT|SCROLL_PRODUCT|SCROLL_MID PRODUCT|ZOOM_IMAGE|NONE PRODUCT|HOVER_ELEMENT|NONE PRODUCT|SCROLL_PRODUCT|SCROLL_MID PRODUCT|ZOOM_IMAGE|NONE PRODUCT|EXIT_BOUNCE|NONE PRODUCT|TAB_RETURN|NONE PRODUCT|START_SESSION|NONE PRODUCT|HOVER_ELEMENT|NONE PRODUCT|EXIT_BOUNCE|NONE PRODUCT|VIEW_PRODUCT|REVISIT_ONCE HOME|HOVER_ELEMENT|NONE HOME|SCROLL_HOME|NONE PRODUCT|ZOOM_IMAGE|NONE PRODUCT|VIEW_PRODUCT|REVISIT_ONCE PRODUCT|SCROLL_PRODUCT|SCROLL_MID PRODUCT|ZOOM_IMAGE|NONE PRODUCT|CHECK_SIZE|HOVER_SHORT PRODUCT|VIEW_PRODUCT|REVISIT_ONCE PRODUCT|ZOOM_IMAGE|NONE PRODUCT|HOVER_ELEMENT|NONE HOME|SCROLL_HOME|NONE HOME|HOVER_ELEMENT|NONE HOME|SCROLL_HOME|NONE PRODUCT|VIEW_PRODUCT|REVISIT_ONCE PRODUCT|SCROLL_PRODUCT|SCROLL_HIGH HOME|SCROLL_HOME|NONE PRODUCT|ZOOM_IMAGE|NONE HOME|HOVER_ELEMENT|NONE HOME|SCROLL_HOME|NONE HOME|HOVER_ELEMENT|NONE PRODUCT|VIEW_PRODUCT|REVISIT_ONCE PRODUCT|HOVER_ELEMENT|NONE PRODUCT|SCROLL_PRODUCT|SCROLL_HIGH PRODUCT|CLICK_ELEMENT|NONE PRODUCT|VIEW_PRODUCT|NONE PRODUCT|CART_ABANDON|NONE PRODUCT|EXIT_BOUNCE|NONE PRODUCT|START_SESSION|NONE PRODUCT|CHECK_SHIPPING|DWELL_SHORT PRODUCT|VIEW_PRODUCT|REVISIT_ONCE PRODUCT|VIEW_REVIEW|REVISIT_ONCE PRODUCT|VIEW_REVIEW|DWELL_SHORT PRODUCT|REVIEW_EXPLORATION_EPISODE|STRONG PRODUCT|SCROLL_REVIEW|SCROLL_LOW PRODUCT|CHECK_PRICE|DWELL_SHORT PRODUCT|SCROLL_PRODUCT|SCROLL_LOW PRODUCT|ZOOM_IMAGE|NONE PRODUCT|SCROLL_PRODUCT|SCROLL_LOW PRODUCT|ZOOM_IMAGE|NONE PRODUCT|HOVER_ELEMENT|NONE PRODUCT|SCROLL_PRODUCT|SCROLL_LOW PRODUCT|ZOOM_IMAGE|NONE PRODUCT|SCROLL_PRODUCT|SCROLL_LOW PRODUCT|ZOOM_IMAGE|NONE PRODUCT|HOVER_ELEMENT|NONE PRODUCT|EXIT_BOUNCE|NONE
5817238e-fc40-4e49-9b05-f6390bf5270d,2,1.0,0.83470005,-0.3260912,31,32,[CLS] HOME|START_SESSION|NONE PRODUCT|CLICK_ELEMENT|NONE CATEGORY|START_SESSION|NONE CATEGORY|VIEW_PRODUCT|REVISIT_ONCE CATEGORY|SCROLL_PRODUCT|SCROLL_LOW CATEGORY|VIEW_PRODUCT|REVISIT_ONCE CATEGORY|SCROLL_PRODUCT|SCROLL_LOW CATEGORY|CLICK_ELEMENT|NONE CATEGORY|VIEW_PRODUCT|NONE CATEGORY|EXIT_SESSION|NONE PRODUCT|START_SESSION|NONE PRODUCT|VIEW_PRODUCT|REVISIT_ONCE PRODUCT|EXIT_SESSION|NONE CATEGORY|START_SESSION|NONE CATEGORY|VIEW_PRODUCT|REVISIT_ONCE CATEGORY|SCROLL_PRODUCT|SCROLL_LOW CATEGORY|VIEW_PRODUCT|REVISIT_ONCE CATEGORY|SCROLL_PRODUCT|SCROLL_LOW CATEGORY|VIEW_PRODUCT|REVISIT_ONCE CATEGORY|SCROLL_PRODUCT|SCROLL_LOW CATEGORY|VIEW_PRODUCT|REVISIT_ONCE CATEGORY|SCROLL_PRODUCT|SCROLL_MID CATEGORY|VIEW_PRODUCT|REVISIT_ONCE CATEGORY|SCROLL_PRODUCT|SCROLL_MID CATEGORY|VIEW_PRODUCT|REVISIT_ONCE CATEGORY|SCROLL_PRODUCT|SCROLL_MID CATEGORY|VIEW_PRODUCT|REVISIT_ONCE CATEGORY|EXIT_SESSION|NONE PRODUCT|START_SESSION|NONE HOME|TAB_OUT|NONE HOME|EXIT_BOUNCE|NONE
948005ab-c01c-4795-a64c-0bc55121272c,-1,0.0,-0.24496943,0.10688204,3,4,[CLS] PRODUCT|START_SESSION|NONE PRODUCT|CHECK_PRICE|DWELL_SHORT PRODUCT|VIEW_PRODUCT|REVISIT_ONCE
a17037e8-d1de-4ce3-86b2-9a464f5ead9f,-1,0.0,-0.15898025,0.02148212,4,5,[CLS] HOME|START_SESSION|NONE PRODUCT|VIEW_PRODUCT|REVISIT_ONCE PRODUCT|ZOOM_IMAGE|NONE HOME|SCROLL_HOME|NONE
674db8ab-c96e-4913-9895-0f8a1401f44e,-1,0.0,-0.22906759,-0.12065525,6,7,[CLS] PRODUCT|START_SESSION|NONE PRODUCT|VIEW_REVIEW|REVISIT_ONCE PRODUCT|VIEW_REVIEW|DWELL_MEDIUM PRODUCT|REVIEW_EXPLORATION_EPISODE|STRONG PRODUCT|CHECK_PRICE|DWELL_SHORT PRODUCT|VIEW_PRODUCT|REVISIT_ONCE
16de2814-840a-4cf5-ae07-85c7cba068d9,2,0.706605,0.52970147,0.00116159,52,53,[CLS] HOME|START_SESSION|NONE PRODUCT|CLICK_ELEMENT|NONE PRODUCT|HOVER_ELEMENT|NONE PRODUCT|VIEW_REVIEW|NONE HOME|HOVER_ELEMENT|NONE PRODUCT|VIEW_REVIEW|NONE PRODUCT|REVIEW_EXPLORATION_EPISODE|STRONG PRODUCT|VIEW_PRODUCT|NONE PRODUCT|EXIT_SESSION|NONE CATEGORY|START_SESSION|NONE CATEGORY|START_INPUT|NONE CATEGORY|VIEW_REVIEW|NONE CATEGORY|EDIT_INPUT|NONE CATEGORY|CHECK_SIZE|NONE CATEGORY|EXIT_SESSION|NONE CATEGORY|TAB_OUT|NONE CATEGORY|START_SESSION|NONE CATEGORY|SCROLL_CATEGORY|NONE CATEGORY|VIEW_PRODUCT|REVISIT_ONCE CATEGORY|SCROLL_CATEGORY|NONE CATEGORY|CLICK_ELEMENT|NONE CATEGORY|VIEW_PRODUCT|NONE CATEGORY|EXIT_SESSION|NONE CATEGORY|START_SESSION|NONE CATEGORY|TAB_OUT|NONE PRODUCT|START_SESSION|NONE PRODUCT|CHECK_PRICE|SCROLL_LOW PRODUCT|CHECK_PRICE|SCROLL_MID PRODUCT|PRICE_REVIEW_EPISODE|STRONG PRODUCT|CHECK_PRICE|SCROLL_LOW PRODUCT|SCROLL_PRODUCT|SCROLL_LOW PRODUCT|CHECK_PRICE|DWELL_SHORT PRODUCT|SCROLL_REVIEW|SCROLL_LOW PRODUCT|CHECK_SIZE|SCROLL_MID PRODUCT|CHECK_SIZE|SCROLL_LOW PRODUCT|SIZE_CHECK_EPISODE|STRONG PRODUCT|CHECK_PRICE|SCROLL_LOW PRODUCT|VIEW_PRODUCT|REVISIT_ONCE PRODUCT|SCROLL_PRODUCT|SCROLL_LOW PRODUCT|VIEW_PRODUCT|REVISIT_ONCE PRODUCT|CHECK_PRICE|DWELL_SHORT PRODUCT|CHECK_SIZE|SCROLL_LOW PRODUCT|EXIT_BOUNCE|NONE CATEGORY|TAB_RETURN|NONE CATEGORY|EXIT_BOUNCE|NONE CATEGORY|TAB_RETURN|NONE CATEGORY|EXIT_BOUNCE|NONE PRODUCT|START_SESSION|NONE HOME|EXIT_BOUNCE|NONE HOME|START_SESSION|NONE HOME|TAB_OUT|NONE HOME|TAB_RETURN|NONE
9d6a9c86-e27f-4aef-9fcf-54d0af82bc23,-1,0.0,-0.20200738,-0.21884151,16,17,[CLS] PRODUCT|START_SESSION|NONE PRODUCT|VIEW_PRODUCT|REVISIT_ONCE PRODUCT|CHECK_PRICE|SCROLL_LOW PRODUCT|CHECK_SIZE|SCROLL_LOW PRODUCT|CHECK_SIZE|SCROLL_MID PRODUCT|SIZE_CHECK_EPISODE|STRONG PRODUCT|VIEW_PRODUCT|REVISIT_ONCE PRODUCT|CHECK_PRICE|DWELL_SHORT PRODUCT|PRICE_REVIEW_EPISODE|STRONG PRODUCT|SCROLL_PRODUCT|SCROLL_MID PRODUCT|CHECK_SIZE|SCROLL_MID PRODUCT|CHECK_SIZE|SCROLL_LOW PRODUCT|CHECK_SIZE|SCROLL_MID PRODUCT|CHECK_SIZE|SCROLL_HIGH PRODUCT|VIEW_PRODUCT|REVISIT_ONCE PRODUCT|SCROLL_PRODUCT|SCROLL_HIGH
45fb4e71-a4a7-4197-a9f5-3ea811e3d101,-1,0.0,0.23135556,-0.32596666,3,4,[CLS] CATEGORY|START_SESSION|NONE CATEGORY|INACTIVE|NONE CATEGORY|EXIT_BOUNCE|NONE
788239ef-ba8b-41fc-a32a-dee293d43512,-1,0.0,-0.43886891,-0.07202692,5,6,[CLS] PRODUCT|START_SESSION|NONE PRODUCT|VIEW_REVIEW|DWELL_MEDIUM PRODUCT|CHECK_PRICE|DWELL_SHORT PRODUCT|VIEW_PRODUCT|REVISIT_ONCE PRODUCT|SCROLL_PRODUCT|SCROLLED
5f04c1fe-7f8b-47c4-9829-f696a2e111ad,-1,0.0,-0.34735483,-0.08774918,6,7,[CLS] PRODUCT|START_SESSION|NONE PRODUCT|VIEW_REVIEW|DWELL_MEDIUM PRODUCT|SCROLL_PRODUCT|SCROLLED PRODUCT|VIEW_PRODUCT|REVISIT_ONCE PRODUCT|CHECK_PRICE|DWELL_SHORT PRODUCT|SCROLL_REVIEW|SCROLL_HIGH
38025b0b-62a5-4d17-ba71-6f0e8faf246a,-1,0.0,-0.10842978,-0.02847319,7,8,[CLS] PRODUCT|START_SESSION|NONE PRODUCT|VIEW_REVIEW|REVISIT_ONCE PRODUCT|VIEW_REVIEW|DWELL_MEDIUM PRODUCT|REVIEW_EXPLORATION_EPISODE|STRONG PRODUCT|CHECK_PRICE|DWELL_SHORT PRODUCT|VIEW_PRODUCT|REVISIT_ONCE PRODUCT|SCROLL_PRODUCT|SCROLLED
b347f046-e5a5-4ef0-acd1-c1c916f7f6d8,2,0.863366,0.52284837,-0.03703939,90,91,[CLS] HOME|START_SESSION|NONE PRODUCT|CLICK_ELEMENT|NONE HOME|SCROLL_HOME|NONE PRODUCT|VIEW_PRODUCT|REVISIT_ONCE PRODUCT|SCROLL_PRODUCT|SCROLL_LOW HOME|SCROLL_HOME|NONE PRODUCT|VIEW_PRODUCT|REVISIT_ONCE PRODUCT|SCROLL_PRODUCT|SCROLL_MID PRODUCT|VIEW_PRODUCT|REVISIT_ONCE PRODUCT|SCROLL_PRODUCT|SCROLL_MID PRODUCT|VIEW_PRODUCT|REVISIT_ONCE PRODUCT|SCROLL_PRODUCT|SCROLL_MID PRODUCT|VIEW_PRODUCT|REVISIT_ONCE PRODUCT|SCROLL_PRODUCT|SCROLL_MID PRODUCT|CHECK_SIZE|SCROLL_MID PRODUCT|VIEW_PRODUCT|REVISIT_ONCE HOME|SCROLL_HOME|NONE PRODUCT|VIEW_PRODUCT|REVISIT_ONCE HOME|SCROLL_HOME|NONE PRODUCT|VIEW_PRODUCT|REVISIT_ONCE PRODUCT|SCROLL_PRODUCT|SCROLL_HIGH HOME|SCROLL_HOME|NONE PRODUCT|VIEW_PRODUCT|REVISIT_ONCE HOME|SCROLL_HOME|NONE HOME|HOVER_ELEMENT|NONE PRODUCT|VIEW_REVIEW|NONE HOME|HOVER_ELEMENT|NONE PRODUCT|VIEW_REVIEW|NONE PRODUCT|REVIEW_EXPLORATION_EPISODE|STRONG PRODUCT|EXIT_SESSION|NONE CATEGORY|START_SESSION|NONE CATEGORY|VIEW_PRODUCT|REVISIT_ONCE CATEGORY|SCROLL_PRODUCT|SCROLL_LOW CATEGORY|VIEW_PRODUCT|REVISIT_ONCE CATEGORY|SCROLL_PRODUCT|SCROLL_LOW CATEGORY|VIEW_PRODUCT|REVISIT_ONCE CATEGORY|SCROLL_PRODUCT|SCROLL_LOW CATEGORY|VIEW_PRODUCT|REVISIT_ONCE CATEGORY|SCROLL_PRODUCT|SCROLL_LOW CATEGORY|VIEW_PRODUCT|REVISIT_ONCE CATEGORY|SCROLL_PRODUCT|SCROLL_LOW CATEGORY|VIEW_PRODUCT|REVISIT_ONCE CATEGORY|SCROLL_PRODUCT|SCROLL_MID CATEGORY|VIEW_PRODUCT|REVISIT_ONCE CATEGORY|SCROLL_PRODUCT|SCROLL_MID CATEGORY|VIEW_PRODUCT|REVISIT_ONCE CATEGORY|SCROLL_PRODUCT|SCROLL_MID CATEGORY|VIEW_PRODUCT|REVISIT_ONCE CATEGORY|SCROLL_PRODUCT|SCROLL_MID CATEGORY|VIEW_PRODUCT|REVISIT_ONCE CATEGORY|SCROLL_PRODUCT|SCROLL_MID CATEGORY|VIEW_PRODUCT|REVISIT_ONCE CATEGORY|SCROLL_PRODUCT|SCROLL_MID CATEGORY|VIEW_PRODUCT|REVISIT_ONCE CATEGORY|SCROLL_PRODUCT|SCROLL_MID CATEGORY|VIEW_PRODUCT|REVISIT_ONCE CATEGORY|SCROLL_PRODUCT|SCROLL_MID CATEGORY|START_SESSION|NONE CATEGORY|VIEW_PRODUCT|REVISIT_ONCE CATEGORY|SCROLL_PRODUCT|SCROLL_LOW CATEGORY|VIEW_PRODUCT|REVISIT_ONCE CATEGORY|CLICK_ELEMENT|NONE CATEGORY|VIEW_PRODUCT|NONE CATEGORY|EXIT_SESSION|NONE CATEGORY|START_SESSION|NONE CATEGORY|TAB_OUT|NONE PRODUCT|START_SESSION|NONE PRODUCT|VIEW_PRODUCT|REVISIT_ONCE PRODUCT|SCROLL_PRODUCT|SCROLL_LOW PRODUCT|CHECK_PRICE|SCROLL_LOW PRODUCT|CHECK_SHIPPING|NONE PRODUCT|CHECK_SIZE|SCROLL_LOW PRODUCT|CHECK_SIZE|SCROLL_MID PRODUCT|SIZE_CHECK_EPISODE|STRONG PRODUCT|VIEW_PRODUCT|REVISIT_ONCE PRODUCT|CHECK_PRICE|DWELL_SHORT PRODUCT|PRICE_REVIEW_EPISODE|STRONG PRODUCT|SCROLL_PRODUCT|SCROLL_MID PRODUCT|CHECK_SIZE|SCROLL_MID PRODUCT|CHECK_SIZE|SCROLL_HIGH PRODUCT|CHECK_SIZE|SCROLL_MID PRODUCT|CHECK_SIZE|SCROLL_HIGH PRODUCT|SCROLL_PRODUCT|SCROLL_HIGH PRODUCT|SCROLL_PRODUCT|SCROLL_MID PRODUCT|EXIT_SESSION|NONE CATEGORY|TAB_RETURN|NONE CATEGORY|SCROLL_CATEGORY|NONE CATEGORY|VIEW_PRODUCT|REVISIT_ONCE CATEGORY|TAB_OUT|NONE CATEGORY|EXIT_BOUNCE|NONE
67814e0a-ea53-4ae4-b13f-be2e0377319b,5,1.0,-0.34544456,-0.13716796,5,6,[CLS] PRODUCT|START_SESSION|NONE PRODUCT|VIEW_PRODUCT|REVISIT_ONCE PRODUCT|SCROLL_PRODUCT|SCROLLED PRODUCT|CHECK_PRICE|DWELL_SHORT PRODUCT|VIEW_PRODUCT|REVISIT_ONCE
efc723e4-fc52-4b94-9794-8e6add3a4826,-1,0.0,-0.02287552,0.21912016,7,8,[CLS] PRODUCT|START_SESSION|NONE PRODUCT|CHECK_PRICE|DWELL_SHORT PRODUCT|VIEW_PRODUCT|REVISIT_ONCE PRODUCT|SCROLL_PRODUCT|SCROLLED PRODUCT|VIEW_PRODUCT|REVISIT_ONCE PRODUCT|VIEW_REVIEW|REVISIT_ONCE PRODUCT|EXIT_BOUNCE|NONE
af977938-a104-4636-a6b2-7b3a4b5bd9b8,2,0.61601,0.64193791,0.15854257,80,81,[CLS] HOME|START_SESSION|NONE HOME|HOVER_ELEMENT|NONE PRODUCT|SCROLL_PRODUCT|SCROLL_LOW PRODUCT|ZOOM_IMAGE|NONE PRODUCT|HOVER_ELEMENT|NONE PRODUCT|SCROLL_PRODUCT|SCROLL_LOW PRODUCT|HOVER_ELEMENT|NONE PRODUCT|ZOOM_IMAGE|NONE PRODUCT|HOVER_ELEMENT|NONE PRODUCT|SCROLL_PRODUCT|SCROLL_LOW PRODUCT|ZOOM_IMAGE|NONE PRODUCT|SCROLL_PRODUCT|SCROLL_MID HOME|SCROLL_HOME|NONE PRODUCT|ZOOM_IMAGE|NONE HOME|SCROLL_HOME|NONE PRODUCT|VIEW_PRODUCT|REVISIT_ONCE PRODUCT|SCROLL_PRODUCT|SCROLL_MID PRODUCT|ZOOM_IMAGE|NONE PRODUCT|HOVER_ELEMENT|NONE PRODUCT|SCROLL_PRODUCT|SCROLL_MID PRODUCT|CHECK_SIZE|SCROLL_MID PRODUCT|ZOOM_IMAGE|NONE HOME|SCROLL_HOME|NONE PRODUCT|VIEW_PRODUCT|REVISIT_ONCE PRODUCT|SCROLL_PRODUCT|SCROLL_MID PRODUCT|SCROLL_PRODUCT|SCROLL_LOW HOME|SCROLL_HOME|NONE HOME|HOVER_ELEMENT|NONE HOME|SCROLL_HOME|NONE PRODUCT|ZOOM_IMAGE|NONE HOME|HOVER_ELEMENT|NONE HOME|CLICK_ELEMENT|NONE HOME|EXIT_SESSION|NONE HOME|START_SESSION|NONE HOME|EXIT_BOUNCE|NONE CATEGORY|START_SESSION|NONE CATEGORY|SCROLL_CATEGORY|NONE CATEGORY|VIEW_PRODUCT|REVISIT_ONCE CATEGORY|HOVER_ELEMENT|NONE CATEGORY|SCROLL_PRODUCT|SCROLL_LOW CATEGORY|VIEW_PRODUCT|REVISIT_ONCE CATEGORY|ZOOM_IMAGE|NONE CATEGORY|VIEW_PRODUCT|REVISIT_ONCE CATEGORY|SCROLL_PRODUCT|SCROLL_LOW CATEGORY|SCROLL_PRODUCT|SCROLL_MID CATEGORY|HOVER_ELEMENT|NONE CATEGORY|ZOOM_IMAGE|NONE CATEGORY|HOVER_ELEMENT|NONE CATEGORY|ZOOM_IMAGE|NONE CATEGORY|HOVER_ELEMENT|NONE CATEGORY|SCROLL_PRODUCT|SCROLL_LOW CATEGORY|VIEW_PRODUCT|REVISIT_ONCE CATEGORY|SCROLL_PRODUCT|SCROLL_LOW CATEGORY|VIEW_PRODUCT|REVISIT_ONCE CATEGORY|SCROLL_PRODUCT|SCROLL_LOW CATEGORY|ZOOM_IMAGE|NONE CATEGORY|SCROLL_PRODUCT|SCROLL_LOW CATEGORY|SCROLL_CATEGORY|NONE CATEGORY|VIEW_PRODUCT|REVISIT_ONCE CATEGORY|SCROLL_PRODUCT|SCROLL_MID CATEGORY|ZOOM_IMAGE|NONE CATEGORY|VIEW_PRODUCT|REVISIT_ONCE CATEGORY|SCROLL_PRODUCT|SCROLL_MID CATEGORY|SCROLL_CATEGORY|NONE CATEGORY|VIEW_PRODUCT|REVISIT_ONCE CATEGORY|SCROLL_PRODUCT|SCROLL_MID CATEGORY|VIEW_PRODUCT|REVISIT_ONCE CATEGORY|SCROLL_PRODUCT|SCROLL_LOW CATEGORY|SCROLL_CATEGORY|NONE CATEGORY|VIEW_PRODUCT|REVISIT_ONCE CATEGORY|SCROLL_PRODUCT|SCROLL_LOW CATEGORY|HOVER_ELEMENT|NONE CATEGORY|ZOOM_IMAGE|NONE CATEGORY|HOVER_ELEMENT|NONE CATEGORY|ZOOM_IMAGE|NONE CATEGORY|HOVER_ELEMENT|NONE CATEGORY|INACTIVE|NONE CATEGORY|VIEW_REVIEW|NONE CATEGORY|ADD_CART|NONE [UNK]
661ee39c-e253-4800-bc68-f8c26f0d4e8a,3,0.946459,0.39996868,0.55662191,111,112,[CLS] HOME|START_SESSION|NONE PRODUCT|ZOOM_IMAGE|NONE HOME|SCROLL_HOME|NONE PRODUCT|ZOOM_IMAGE|NONE PRODUCT|VIEW_PRODUCT|REVISIT_ONCE PRODUCT|SCROLL_PRODUCT|SCROLL_LOW PRODUCT|HOVER_ELEMENT|NONE PRODUCT|ZOOM_IMAGE|NONE PRODUCT|HOVER_ELEMENT|NONE PRODUCT|CLICK_ELEMENT|NONE PRODUCT|SCROLL_PRODUCT|SCROLL_LOW HOME|SCROLL_HOME|NONE PRODUCT|SCROLL_PRODUCT|SCROLL_MID HOME|SCROLL_HOME|NONE HOME|HOVER_ELEMENT|NONE HOME|SCROLL_HOME|NONE PRODUCT|VIEW_PRODUCT|REVISIT_ONCE PRODUCT|SCROLL_PRODUCT|SCROLL_MID PRODUCT|HOVER_ELEMENT|NONE PRODUCT|VIEW_PRODUCT|REVISIT_ONCE PRODUCT|HOVER_ELEMENT|NONE PRODUCT|SCROLL_PRODUCT|SCROLL_MID PRODUCT|CHECK_SIZE|SCROLL_MID PRODUCT|VIEW_PRODUCT|REVISIT_ONCE PRODUCT|SCROLL_PRODUCT|SCROLL_HIGH PRODUCT|VIEW_PRODUCT|REVISIT_ONCE PRODUCT|SCROLL_PRODUCT|SCROLL_HIGH PRODUCT|ZOOM_IMAGE|NONE HOME|SCROLL_HOME|NONE HOME|HOVER_ELEMENT|NONE PRODUCT|ZOOM_IMAGE|NONE HOME|HOVER_ELEMENT|NONE PRODUCT|VIEW_PRODUCT|REVISIT_ONCE HOME|SCROLL_HOME|NONE HOME|HOVER_ELEMENT|NONE HOME|START_SESSION|NONE HOME|HOVER_ELEMENT|NONE HOME|SCROLL_HOME|NONE PRODUCT|CHECK_SHIPPING|NONE [UNK] HOME|SCROLL_HOME|NONE [UNK] PRODUCT|CHECK_SHIPPING|DWELL_SHORT PRODUCT|SHIPPING_CHECK_EPISODE|STRONG PRODUCT|CHECK_SHIPPING|NONE PRODUCT|CHECK_SHIPPING|DWELL_SHORT HOME|SCROLL_HOME|NONE HOME|HOVER_ELEMENT|NONE [UNK] HOME|SCROLL_HOME|NONE HOME|CHECK_SHIPPING|DWELL_SHORT HOME|SCROLL_HOME|NONE HOME|HOVER_ELEMENT|NONE HOME|SCROLL_HOME|NONE HOME|HOVER_ELEMENT|NONE HOME|SCROLL_HOME|NONE [UNK] PRODUCT|CHECK_SHIPPING|NONE PRODUCT|CHECK_SHIPPING|DWELL_SHORT HOME|SCROLL_HOME|NONE [UNK] PRODUCT|CHECK_SHIPPING|NONE HOME|SCROLL_HOME|NONE HOME|HOVER_ELEMENT|NONE HOME|CLICK_ELEMENT|NONE HOME|EXIT_SESSION|NONE HOME|START_SESSION|NONE HOME|HOVER_ELEMENT|NONE HOME|CLICK_ELEMENT|NONE HOME|EXIT_BOUNCE|NONE HOME|HOVER_ELEMENT|NONE HOME|START_SESSION|NONE HOME|TAB_OUT|NONE HOME|TAB_RETURN|NONE HOME|SCROLL_HOME|NONE PRODUCT|CHECK_SHIPPING|NONE [UNK] HOME|HOVER_ELEMENT|NONE HOME|SCROLL_HOME|NONE [UNK] HOME|SCROLL_HOME|NONE [UNK] PRODUCT|CHECK_SHIPPING|DWELL_SHORT PRODUCT|SHIPPING_CHECK_EPISODE|STRONG PRODUCT|CHECK_SHIPPING|NONE HOME|SCROLL_HOME|NONE [UNK] HOME|CHECK_SHIPPING|DWELL_SHORT HOME|SCROLL_HOME|NONE HOME|TAB_OUT|NONE HOME|EXIT_BOUNCE|NONE CATEGORY|START_SESSION|NONE CATEGORY|INACTIVE|NONE CATEGORY|TAB_RETURN|NONE CATEGORY|SCROLL_CATEGORY|NONE CATEGORY|SCROLL_PRODUCT|SCROLL_LOW CATEGORY|VIEW_PRODUCT|REVISIT_ONCE CATEGORY|SCROLL_CATEGORY|NONE CATEGORY|VIEW_PRODUCT|REVISIT_ONCE CATEGORY|SCROLL_PRODUCT|SCROLL_MID CATEGORY|VIEW_PRODUCT|REVISIT_ONCE CATEGORY|SCROLL_PRODUCT|SCROLL_MID CATEGORY|VIEW_PRODUCT|REVISIT_ONCE CATEGORY|SCROLL_PRODUCT|SCROLL_MID CATEGORY|VIEW_PRODUCT|REVISIT_ONCE CATEGORY|SCROLL_PRODUCT|SCROLL_MID CATEGORY|SCROLL_CATEGORY|NONE CATEGORY|HOVER_ELEMENT|NONE CATEGORY|SCROLL_CATEGORY|NONE CATEGORY|DISTRACTED_EPISODE|REPEAT CATEGORY|EXIT_BOUNCE|NONE
cb8bd010-49be-4d28-af95-3b04b12e62da,-1,0.0,0.30640042,-0.34421679,4,5,[CLS] HOME|START_SESSION|NONE HOME|EXIT_BOUNCE|NONE HOME|START_SESSION|NONE HOME|EXIT_BOUNCE|NONE
6f79b4ce-e59d-4af1-bbfb-cde4539b8d73,2,0.61601,0.72583693,0.13959146,20,21,[CLS] HOME|START_SESSION|NONE HOME|SCROLL_HOME|NONE PRODUCT|VIEW_PRODUCT|REVISIT_ONCE PRODUCT|SCROLL_PRODUCT|SCROLL_LOW HOME|SCROLL_HOME|NONE PRODUCT|HOVER_ELEMENT|NONE PRODUCT|ZOOM_IMAGE|NONE PRODUCT|HOVER_ELEMENT|NONE HOME|SCROLL_HOME|NONE PRODUCT|ZOOM_IMAGE|NONE HOME|START_SESSION|NONE HOME|HOVER_ELEMENT|NONE HOME|EXIT_BOUNCE|NONE CATEGORY|START_SESSION|NONE CATEGORY|SCROLL_PRODUCT|SCROLL_LOW CATEGORY|VIEW_PRODUCT|REVISIT_ONCE CATEGORY|SCROLL_PRODUCT|SCROLL_LOW CATEGORY|ZOOM_IMAGE|NONE CATEGORY|HOVER_ELEMENT|NONE CATEGORY|DISTRACTED_EPISODE|REPEAT
fcfa1bb1-1b64-42e9-bd90-68013d0784b1,-1,0.0,-0.14355551,0.06705819,14,15,[CLS] PRODUCT|START_SESSION|NONE PRODUCT|CHECK_SIZE|SCROLL_LOW PRODUCT|CHECK_PRICE|DWELL_SHORT PRODUCT|SCROLL_PRODUCT|SCROLL_LOW PRODUCT|CHECK_SHIPPING|NONE PRODUCT|CHECK_SIZE|SCROLL_LOW PRODUCT|SIZE_CHECK_EPISODE|STRONG PRODUCT|VIEW_PRODUCT|REVISIT_ONCE PRODUCT|CHECK_SIZE|SCROLL_LOW PRODUCT|CHECK_PRICE|DWELL_SHORT PRODUCT|PRICE_REVIEW_EPISODE|STRONG PRODUCT|CHECK_SIZE|SCROLL_LOW PRODUCT|TAB_RETURN|NONE PRODUCT|INACTIVE|NONE
5e2feb44-501c-4a0d-95c1-8e8d6736c333,-1,0.0,0.35570851,0.36386755,5,6,[CLS] CATEGORY|TAB_RETURN|NONE CATEGORY|START_SESSION|NONE CATEGORY|TAB_OUT|NONE CATEGORY|INACTIVE|NONE CATEGORY|EXIT_BOUNCE|NONE
a7a7ad84-9b89-4471-9fc3-1aefd0e06b09,-1,0.0,0.33903053,0.49338555,269,128,[CLS] MEMBER|HOVER_ELEMENT|NONE MEMBER|EDIT_INPUT|NONE MEMBER|ABANDON_INPUT|NONE [UNK] MEMBER|EXIT_SESSION|NONE MEMBER|START_SESSION|NONE [UNK] MEMBER|EXIT_BOUNCE|NONE PRODUCT|START_SESSION|NONE HOME|HOVER_ELEMENT|NONE PRODUCT|VIEW_PRODUCT|REVISIT_ONCE PRODUCT|SCROLL_PRODUCT|SCROLL_LOW PRODUCT|HOVER_ELEMENT|NONE PRODUCT|SCROLL_PRODUCT|SCROLL_MID PRODUCT|ZOOM_IMAGE|NONE HOME|HOVER_ELEMENT|NONE HOME|DISTRACTED_EPISODE|REPEAT PRODUCT|VIEW_PRODUCT|REVISIT_ONCE PRODUCT|HOVER_ELEMENT|NONE PRODUCT|VIEW_PRODUCT|REVISIT_ONCE PRODUCT|HOVER_ELEMENT|NONE PRODUCT|VIEW_PRODUCT|REVISIT_ONCE PRODUCT|SCROLL_PRODUCT|SCROLL_LOW PRODUCT|ZOOM_IMAGE|NONE PRODUCT|HOVER_ELEMENT|NONE PRODUCT|VIEW_PRODUCT|REVISIT_ONCE PRODUCT|HOVER_ELEMENT|NONE PRODUCT|CLICK_ELEMENT|NONE PRODUCT|ADD_CART|NONE PRODUCT|HOVER_ELEMENT|NONE PRODUCT|SCROLL_PRODUCT|SCROLL_LOW PRODUCT|ZOOM_IMAGE|NONE HOME|SCROLL_HOME|NONE HOME|HOVER_ELEMENT|NONE HOME|SCROLL_HOME|NONE PRODUCT|ZOOM_IMAGE|NONE PRODUCT|VIEW_PRODUCT|REVISIT_ONCE PRODUCT|SCROLL_PRODUCT|SCROLL_LOW PRODUCT|HOVER_ELEMENT|NONE PRODUCT|SCROLL_PRODUCT|SCROLL_LOW PRODUCT|ZOOM_IMAGE|NONE PRODUCT|HOVER_ELEMENT|NONE PRODUCT|VIEW_REVIEW|NONE HOME|HOVER_ELEMENT|NONE PRODUCT|VIEW_REVIEW|NONE PRODUCT|REVIEW_EXPLORATION_EPISODE|STRONG PRODUCT|VIEW_PRODUCT|NONE PRODUCT|CART_ABANDON|NONE PRODUCT|EXIT_SESSION|NONE CATEGORY|START_SESSION|NONE CATEGORY|START_INPUT|NONE CATEGORY|VIEW_REVIEW|NONE CATEGORY|EDIT_INPUT|NONE CATEGORY|EXIT_SESSION|NONE CATEGORY|CHECK_SIZE|NONE CATEGORY|START_SESSION|NONE CATEGORY|VIEW_REVIEW|NONE [UNK] [UNK] CATEGORY|EDIT_INPUT|NONE CATEGORY|EXIT_BOUNCE|NONE CATEGORY|START_SESSION|NONE CATEGORY|HOVER_ELEMENT|NONE CATEGORY|CLICK_ELEMENT|NONE CATEGORY|VIEW_PRODUCT|NONE CATEGORY|EXIT_SESSION|NONE CATEGORY|HOVER_ELEMENT|NONE CATEGORY|START_SESSION|NONE CATEGORY|EXIT_BOUNCE|NONE PRODUCT|START_SESSION|NONE PRODUCT|CHECK_PRICE|SCROLL_LOW PRODUCT|VIEW_PRODUCT|REVISIT_ONCE PRODUCT|SCROLL_PRODUCT|SCROLL_LOW PRODUCT|CHECK_SHIPPING|DWELL_SHORT PRODUCT|EXIT_BOUNCE|NONE PRODUCT|START_SESSION|NONE PRODUCT|CLICK_BUY|NONE PRODUCT|ENTER_PRODUCT|NONE PRODUCT|EXIT_SESSION|NONE MEMBER|START_SESSION|NONE MEMBER|HOVER_ELEMENT|NONE MEMBER|CLICK_BUY|NONE MEMBER|EXIT_SESSION|NONE MEMBER|START_SESSION|NONE [UNK] MEMBER|EXIT_SESSION|NONE [UNK] MEMBER|START_SESSION|NONE MEMBER|EXIT_BOUNCE|NONE CART|START_SESSION|NONE CART|CHECK_SHIPPING|DWELL_SHORT CART|EXIT_BOUNCE|NONE MEMBER|START_SESSION|NONE MEMBER|HOVER_ELEMENT|NONE MEMBER|CLICK_BUY|NONE MEMBER|HOVER_ELEMENT|NONE MEMBER|SCROLL_PAGE|NONE MEMBER|CLICK_BUY|NONE MEMBER|SCROLL_PAGE|NONE MEMBER|HOVER_ELEMENT|NONE [UNK] MEMBER|CLICK_BUY|NONE PRODUCT|START_SESSION|NONE PRODUCT|VIEW_PRODUCT|REVISIT_ONCE PRODUCT|HOVER_ELEMENT|NONE PRODUCT|VIEW_REVIEW|NONE PRODUCT|HOVER_ELEMENT|NONE PRODUCT|VIEW_REVIEW|NONE PRODUCT|REVIEW_EXPLORATION_EPISODE|STRONG PRODUCT|VIEW_PRODUCT|NONE PRODUCT|EXIT_SESSION|NONE PRODUCT|START_SESSION|NONE PRODUCT|VIEW_REVIEW|DWELL_SHORT PRODUCT|EXIT_BOUNCE|NONE PRODUCT|START_SESSION|NONE PRODUCT|HOVER_ELEMENT|NONE PRODUCT|EXIT_BOUNCE|NONE PRODUCT|START_SESSION|NONE PRODUCT|CLICK_ELEMENT|NONE PRODUCT|CLICK_BUY|NONE PRODUCT|EXIT_BOUNCE|NONE MEMBER|START_SESSION|NONE MEMBER|CLICK_BUY|NONE MEMBER|HOVER_ELEMENT|NONE MEMBER|TAB_OUT|NONE MEMBER|INACTIVE|NONE MEMBER|EXIT_BOUNCE|NONE
45751f9c-dd02-4ca8-8f44-c04edbc245dd,2,1.0,0.87328941,-0.25513893,54,55,[CLS] HOME|START_SESSION|NONE PRODUCT|CLICK_ELEMENT|NONE PRODUCT|HOVER_ELEMENT|NONE PRODUCT|VIEW_REVIEW|NONE HOME|HOVER_ELEMENT|NONE PRODUCT|VIEW_REVIEW|NONE PRODUCT|REVIEW_EXPLORATION_EPISODE|STRONG PRODUCT|VIEW_PRODUCT|NONE PRODUCT|EXIT_SESSION|NONE CATEGORY|START_SESSION|NONE CATEGORY|VIEW_PRODUCT|REVISIT_ONCE CATEGORY|SCROLL_PRODUCT|SCROLL_LOW CATEGORY|SCROLL_CATEGORY|NONE CATEGORY|VIEW_PRODUCT|REVISIT_ONCE CATEGORY|SCROLL_PRODUCT|SCROLL_LOW CATEGORY|VIEW_PRODUCT|REVISIT_ONCE CATEGORY|SCROLL_PRODUCT|SCROLL_LOW CATEGORY|VIEW_PRODUCT|REVISIT_ONCE CATEGORY|SCROLL_PRODUCT|SCROLL_LOW CATEGORY|VIEW_PRODUCT|REVISIT_ONCE CATEGORY|SCROLL_CATEGORY|NONE CATEGORY|VIEW_PRODUCT|REVISIT_ONCE CATEGORY|CLICK_ELEMENT|NONE CATEGORY|VIEW_PRODUCT|NONE CATEGORY|EXIT_SESSION|NONE CATEGORY|START_SESSION|NONE CATEGORY|TAB_OUT|NONE PRODUCT|START_SESSION|NONE PRODUCT|CHECK_PRICE|DWELL_SHORT PRODUCT|EXIT_SESSION|NONE CATEGORY|TAB_RETURN|NONE CATEGORY|SCROLL_PRODUCT|SCROLL_MID CATEGORY|SCROLL_CATEGORY|NONE CATEGORY|VIEW_PRODUCT|REVISIT_ONCE CATEGORY|SCROLL_PRODUCT|SCROLL_MID CATEGORY|VIEW_PRODUCT|REVISIT_ONCE CATEGORY|SCROLL_PRODUCT|SCROLL_MID CATEGORY|VIEW_PRODUCT|REVISIT_ONCE CATEGORY|SCROLL_PRODUCT|SCROLL_MID CATEGORY|VIEW_PRODUCT|REVISIT_ONCE CATEGORY|SCROLL_PRODUCT|SCROLL_MID CATEGORY|VIEW_PRODUCT|REVISIT_ONCE CATEGORY|SCROLL_PRODUCT|SCROLL_MID CATEGORY|VIEW_PRODUCT|REVISIT_ONCE CATEGORY|SCROLL_PRODUCT|SCROLL_MID CATEGORY|VIEW_PRODUCT|REVISIT_ONCE CATEGORY|SCROLL_PRODUCT|SCROLL_MID CATEGORY|VIEW_PRODUCT|REVISIT_ONCE CATEGORY|SCROLL_PRODUCT|SCROLL_MID CATEGORY|CLICK_ELEMENT|NONE CATEGORY|VIEW_PRODUCT|NONE CATEGORY|EXIT_BOUNCE|NONE PRODUCT|START_SESSION|NONE PRODUCT|VIEW_PRODUCT|REVISIT_ONCE
36757775-25ca-4475-80ae-d985cb0981fe,2,0.616168,0.28732494,0.03713605,73,74,[CLS] HOME|START_SESSION|NONE PRODUCT|VIEW_PRODUCT|REVISIT_ONCE PRODUCT|SCROLL_PRODUCT|SCROLL_LOW HOME|SCROLL_HOME|NONE HOME|CLICK_ELEMENT|NONE PRODUCT|VIEW_PRODUCT|REVISIT_ONCE HOME|CLICK_ELEMENT|NONE PRODUCT|VIEW_REVIEW|NONE HOME|HOVER_ELEMENT|NONE PRODUCT|CLICK_ELEMENT|NONE PRODUCT|VIEW_PRODUCT|REVISIT_ONCE PRODUCT|SCROLL_PRODUCT|SCROLL_LOW PRODUCT|VIEW_PRODUCT|REVISIT_ONCE PRODUCT|SCROLL_PRODUCT|SCROLL_LOW HOME|SCROLL_HOME|NONE PRODUCT|VIEW_PRODUCT|REVISIT_ONCE PRODUCT|SCROLL_PRODUCT|SCROLL_LOW PRODUCT|VIEW_PRODUCT|REVISIT_ONCE HOME|SCROLL_HOME|NONE PRODUCT|VIEW_PRODUCT|REVISIT_ONCE PRODUCT|SCROLL_PRODUCT|SCROLL_MID PRODUCT|VIEW_PRODUCT|REVISIT_ONCE PRODUCT|SCROLL_PRODUCT|SCROLL_MID PRODUCT|VIEW_PRODUCT|REVISIT_ONCE PRODUCT|SCROLL_PRODUCT|SCROLL_MID PRODUCT|VIEW_PRODUCT|REVISIT_ONCE PRODUCT|SCROLL_PRODUCT|SCROLL_MID PRODUCT|CHECK_SIZE|SCROLL_MID PRODUCT|VIEW_PRODUCT|REVISIT_ONCE PRODUCT|SCROLL_PRODUCT|SCROLL_MID PRODUCT|VIEW_PRODUCT|REVISIT_ONCE HOME|SCROLL_HOME|NONE PRODUCT|VIEW_PRODUCT|REVISIT_ONCE PRODUCT|SCROLL_PRODUCT|SCROLL_HIGH HOME|SCROLL_HOME|NONE HOME|HOVER_ELEMENT|NONE PRODUCT|VIEW_REVIEW|NONE PRODUCT|REVIEW_EXPLORATION_EPISODE|STRONG HOME|HOVER_ELEMENT|NONE PRODUCT|VIEW_REVIEW|NONE PRODUCT|EXIT_SESSION|NONE CATEGORY|START_SESSION|NONE CATEGORY|VIEW_PRODUCT|REVISIT_ONCE CATEGORY|SCROLL_PRODUCT|SCROLL_LOW CATEGORY|SCROLL_CATEGORY|NONE CATEGORY|VIEW_PRODUCT|REVISIT_ONCE CATEGORY|SCROLL_PRODUCT|SCROLL_LOW CATEGORY|VIEW_PRODUCT|REVISIT_ONCE CATEGORY|SCROLL_PRODUCT|SCROLL_LOW CATEGORY|VIEW_PRODUCT|REVISIT_ONCE CATEGORY|SCROLL_PRODUCT|SCROLL_LOW CATEGORY|SCROLL_CATEGORY|NONE CATEGORY|VIEW_PRODUCT|REVISIT_ONCE CATEGORY|SCROLL_PRODUCT|SCROLL_LOW CATEGORY|VIEW_PRODUCT|REVISIT_ONCE CATEGORY|SCROLL_PRODUCT|SCROLL_MID CATEGORY|SCROLL_CATEGORY|NONE CATEGORY|VIEW_PRODUCT|REVISIT_ONCE CATEGORY|CLICK_ELEMENT|NONE CATEGORY|VIEW_PRODUCT|NONE CATEGORY|EXIT_SESSION|NONE PRODUCT|START_SESSION|NONE PRODUCT|VIEW_PRODUCT|REVISIT_ONCE PRODUCT|CHECK_PRICE|SCROLL_LOW PRODUCT|CHECK_SHIPPING|NONE PRODUCT|CHECK_SIZE|SCROLL_LOW PRODUCT|CHECK_SIZE|SCROLL_MID PRODUCT|SIZE_CHECK_EPISODE|STRONG PRODUCT|CHECK_SIZE|SCROLL_LOW PRODUCT|CHECK_PRICE|DWELL_SHORT PRODUCT|PRICE_REVIEW_EPISODE|STRONG PRODUCT|CHECK_SIZE|SCROLL_MID PRODUCT|SCROLL_PRODUCT|SCROLLED
5b2717c2-9d8c-4fab-ad1f-8de4cdfedf5f,2,1.0,0.83845681,-0.2599206,106,107,[CLS] HOME|START_SESSION|NONE HOME|CLICK_ELEMENT|NONE PRODUCT|VIEW_REVIEW|NONE HOME|HOVER_ELEMENT|NONE PRODUCT|VIEW_REVIEW|NONE PRODUCT|REVIEW_EXPLORATION_EPISODE|STRONG PRODUCT|VIEW_PRODUCT|NONE PRODUCT|EXIT_SESSION|NONE CATEGORY|START_SESSION|NONE CATEGORY|VIEW_PRODUCT|REVISIT_ONCE CATEGORY|SCROLL_PRODUCT|SCROLL_LOW CATEGORY|VIEW_PRODUCT|REVISIT_ONCE CATEGORY|SCROLL_PRODUCT|SCROLL_LOW CATEGORY|VIEW_PRODUCT|REVISIT_ONCE CATEGORY|SCROLL_PRODUCT|SCROLL_LOW CATEGORY|VIEW_PRODUCT|REVISIT_ONCE CATEGORY|SCROLL_PRODUCT|SCROLL_LOW CATEGORY|VIEW_PRODUCT|REVISIT_ONCE CATEGORY|SCROLL_PRODUCT|SCROLL_MID CATEGORY|VIEW_PRODUCT|REVISIT_ONCE CATEGORY|SCROLL_PRODUCT|SCROLL_MID CATEGORY|VIEW_PRODUCT|REVISIT_ONCE CATEGORY|SCROLL_PRODUCT|SCROLL_MID CATEGORY|VIEW_PRODUCT|REVISIT_ONCE CATEGORY|SCROLL_PRODUCT|SCROLL_MID CATEGORY|VIEW_PRODUCT|REVISIT_ONCE CATEGORY|SCROLL_PRODUCT|SCROLL_MID CATEGORY|VIEW_PRODUCT|REVISIT_ONCE CATEGORY|SCROLL_PRODUCT|SCROLL_MID CATEGORY|VIEW_PRODUCT|REVISIT_ONCE CATEGORY|SCROLL_PRODUCT|SCROLL_MID CATEGORY|VIEW_PRODUCT|REVISIT_ONCE CATEGORY|SCROLL_PRODUCT|SCROLL_MID CATEGORY|VIEW_PRODUCT|REVISIT_ONCE CATEGORY|SCROLL_PRODUCT|SCROLL_MID CATEGORY|VIEW_PRODUCT|REVISIT_ONCE CATEGORY|SCROLL_PRODUCT|SCROLL_MID CATEGORY|VIEW_PRODUCT|REVISIT_ONCE CATEGORY|SCROLL_CATEGORY|NONE CATEGORY|VIEW_PRODUCT|REVISIT_ONCE CATEGORY|SCROLL_CATEGORY|NONE CATEGORY|VIEW_PRODUCT|REVISIT_ONCE CATEGORY|SCROLL_CATEGORY|NONE CATEGORY|CLICK_ELEMENT|NONE CATEGORY|EXIT_SESSION|NONE CATEGORY|START_SESSION|NONE CATEGORY|SCROLL_PRODUCT|SCROLL_HIGH CATEGORY|EXIT_BOUNCE|NONE CATEGORY|START_SESSION|NONE CATEGORY|VIEW_PRODUCT|REVISIT_ONCE CATEGORY|SCROLL_PRODUCT|SCROLL_LOW CATEGORY|VIEW_PRODUCT|REVISIT_ONCE CATEGORY|SCROLL_PRODUCT|SCROLL_LOW CATEGORY|VIEW_PRODUCT|REVISIT_ONCE CATEGORY|SCROLL_CATEGORY|NONE CATEGORY|VIEW_PRODUCT|REVISIT_ONCE CATEGORY|SCROLL_CATEGORY|NONE CATEGORY|VIEW_PRODUCT|REVISIT_ONCE CATEGORY|SCROLL_PRODUCT|SCROLL_MID CATEGORY|VIEW_PRODUCT|REVISIT_ONCE CATEGORY|SCROLL_PRODUCT|SCROLL_MID CATEGORY|VIEW_PRODUCT|REVISIT_ONCE CATEGORY|SCROLL_CATEGORY|NONE CATEGORY|VIEW_PRODUCT|REVISIT_ONCE CATEGORY|SCROLL_PRODUCT|SCROLL_MID CATEGORY|VIEW_PRODUCT|REVISIT_ONCE CATEGORY|SCROLL_PRODUCT|SCROLL_MID CATEGORY|VIEW_PRODUCT|REVISIT_ONCE CATEGORY|SCROLL_CATEGORY|NONE CATEGORY|VIEW_PRODUCT|REVISIT_ONCE CATEGORY|START_SESSION|NONE CATEGORY|SCROLL_CATEGORY|NONE CATEGORY|EXIT_BOUNCE|NONE CATEGORY|START_SESSION|NONE CATEGORY|VIEW_PRODUCT|REVISIT_ONCE CATEGORY|SCROLL_PRODUCT|SCROLL_LOW CATEGORY|SCROLL_CATEGORY|NONE CATEGORY|VIEW_PRODUCT|REVISIT_ONCE CATEGORY|SCROLL_CATEGORY|NONE CATEGORY|VIEW_PRODUCT|REVISIT_ONCE CATEGORY|SCROLL_CATEGORY|NONE CATEGORY|VIEW_PRODUCT|REVISIT_ONCE CATEGORY|SCROLL_CATEGORY|NONE CATEGORY|VIEW_PRODUCT|REVISIT_ONCE CATEGORY|SCROLL_PRODUCT|SCROLL_MID CATEGORY|VIEW_PRODUCT|REVISIT_ONCE CATEGORY|SCROLL_PRODUCT|SCROLL_MID CATEGORY|VIEW_PRODUCT|REVISIT_ONCE CATEGORY|SCROLL_PRODUCT|SCROLL_MID CATEGORY|VIEW_PRODUCT|REVISIT_ONCE CATEGORY|SCROLL_CATEGORY|NONE CATEGORY|VIEW_PRODUCT|REVISIT_ONCE CATEGORY|SCROLL_CATEGORY|NONE CATEGORY|VIEW_PRODUCT|REVISIT_ONCE CATEGORY|SCROLL_PRODUCT|SCROLL_MID CATEGORY|VIEW_PRODUCT|REVISIT_ONCE CATEGORY|SCROLL_PRODUCT|SCROLL_MID CATEGORY|VIEW_PRODUCT|REVISIT_ONCE CATEGORY|SCROLL_PRODUCT|SCROLL_MID CATEGORY|VIEW_PRODUCT|REVISIT_ONCE CATEGORY|SCROLL_CATEGORY|NONE CATEGORY|INACTIVE|NONE CATEGORY|TAB_RETURN|NONE CATEGORY|EXIT_SESSION|NONE CATEGORY|START_SESSION|NONE CATEGORY|EXIT_BOUNCE|NONE
b862bbd8-5832-44bd-906d-42e4e1144323,-1,0.0,-0.0687125,0.10342271,10,11,[CLS] UNKNOWN|START_SESSION|NONE UNKNOWN|VIEW_PRODUCT|REVISIT_ONCE UNKNOWN|SCROLL_PRODUCT|SCROLL_LOW UNKNOWN|ZOOM_IMAGE|NONE UNKNOWN|HOVER_ELEMENT|NONE UNKNOWN|VIEW_PRODUCT|REVISIT_ONCE [UNK] UNKNOWN|START_SESSION|NONE UNKNOWN|HOVER_ELEMENT|NONE UNKNOWN|TAB_OUT|NONE
6dc11658-3ed6-4729-bc73-55ff42febbf4,-1,0.0,-0.17465922,-0.0467908,3,4,[CLS] PRODUCT|START_SESSION|NONE PRODUCT|VIEW_PRODUCT|REVISIT_ONCE PRODUCT|SCROLL_PRODUCT|SCROLLED
b51caa81-1de8-40c5-8082-620a5e6b5e3f,4,1.0,-0.03536313,0.5426861,5,6,[CLS] PRODUCT|START_SESSION|NONE PRODUCT|VIEW_REVIEW|REVISIT_ONCE PRODUCT|VIEW_REVIEW|DWELL_SHORT PRODUCT|REVIEW_EXPLORATION_EPISODE|STRONG PRODUCT|CHECK_PRICE|DWELL_SHORT
05e89cf4-e2c7-4b31-ad24-0610b6128a0e,-1,0.0,-0.03441198,0.54518932,3,4,[CLS] PRODUCT|START_SESSION|NONE PRODUCT|SCROLL_PRODUCT|SCROLLED PRODUCT|CHECK_PRICE|DWELL_SHORT
9e02fa5d-ea17-4bcf-ac95-d0343b17aa3a,-1,0.0,-0.16829599,-0.24030003,7,8,[CLS] PRODUCT|START_SESSION|NONE PRODUCT|VIEW_REVIEW|DWELL_MEDIUM PRODUCT|VIEW_REVIEW|REVISIT_ONCE PRODUCT|REVIEW_EXPLORATION_EPISODE|STRONG PRODUCT|CHECK_PRICE|DWELL_SHORT PRODUCT|VIEW_PRODUCT|REVISIT_ONCE PRODUCT|SCROLL_PRODUCT|SCROLLED
8543bcd5-26f9-4aa4-9a33-05b70d79b537,-1,0.0,0.02862576,0.06788697,19,20,[CLS] HOME|START_SESSION|NONE HOME|HOVER_ELEMENT|NONE HOME|SCROLL_HOME|NONE PRODUCT|VIEW_PRODUCT|REVISIT_ONCE PRODUCT|SCROLL_PRODUCT|SCROLL_MID HOME|SCROLL_HOME|NONE PRODUCT|VIEW_PRODUCT|REVISIT_ONCE PRODUCT|SCROLL_PRODUCT|SCROLL_MID PRODUCT|VIEW_PRODUCT|REVISIT_ONCE PRODUCT|SCROLL_PRODUCT|SCROLL_MID PRODUCT|CHECK_SIZE|SCROLL_MID PRODUCT|VIEW_PRODUCT|REVISIT_ONCE PRODUCT|SCROLL_PRODUCT|SCROLL_HIGH PRODUCT|VIEW_PRODUCT|REVISIT_ONCE PRODUCT|SCROLL_PRODUCT|SCROLL_HIGH PRODUCT|TAB_OUT|NONE PRODUCT|TAB_RETURN|NONE PRODUCT|HOVER_ELEMENT|NONE PRODUCT|EXIT_SESSION|NONE
